community_id,community_key,narrative_id,narrative_key,community_label,community_size,community_top_labels,narrative_label,num_communities,narrative_summary
0,COMMUNITY:0,0,NARRATIVE:0,10TH AIR ARMY; 10TH AIR DIVISION; 11TH ARMORED INFANTRY BRIGADE; 12TH ARMY,9084,"10TH AIR ARMY; 10TH AIR DIVISION; 11TH ARMORED INFANTRY BRIGADE; 12TH ARMY; 13TH AIR DIVISION; 13TH OF MARCH REVOLUTIONARY DIRECTORATE; 140TH DIVISION, 47TH ARMY; 14TH ARMY; 14TH OF MAY MOVEMENT; 18TH DIVISION; 1ST NAVAL AIR DIVISION; 20TH ARMY; 24TH AIR ARMY; 27TH ARMY; 2ND ARMY GROUP",10TH AIR ARMY; 10TH AIR DIVISION; 11TH ARMORED INFANTRY BRIGADE; 12TH ARMY; ALGERIANS,43,This group connects 43 communities around: 10TH AIR ARMY; 10TH AIR DIVISION; 11TH ARMORED INFANTRY BRIGADE; 12TH ARMY; ALGERIANS; BAGHDAD UNIVERSITY; BANK OF KOREA; BELGIAN OFFICIALS.
16,COMMUNITY:16,0,NARRATIVE:0,ALGERIANS; BAGHDAD UNIVERSITY; BANK OF KOREA; BELGIAN OFFICIALS,68,ALGERIANS; BAGHDAD UNIVERSITY; BANK OF KOREA; BELGIAN OFFICIALS; BOLZANO PROVINCE; BRIGADIER GENERAL KIM YUN-KUN; BRITISH SOMALILAND PROTECTORATE; CARTER MAGRUDER; CHANG MYON ADMINISTRATION; CHANG TO-YONG; CHOE KYONG-NOK; CHOE YONG-HUI; DR. YU CHIN-O; HAWIYA; ISSA,10TH AIR ARMY; 10TH AIR DIVISION; 11TH ARMORED INFANTRY BRIGADE; 12TH ARMY; ALGERIANS,43,This group connects 43 communities around: 10TH AIR ARMY; 10TH AIR DIVISION; 11TH ARMORED INFANTRY BRIGADE; 12TH ARMY; ALGERIANS; BAGHDAD UNIVERSITY; BANK OF KOREA; BELGIAN OFFICIALS.
17,COMMUNITY:17,0,NARRATIVE:0,AURI; BITUNG; BRETAGNE; COMMUNIST PARTY OF GREECE (KKE),27,AURI; BITUNG; BRETAGNE; COMMUNIST PARTY OF GREECE (KKE); DR. JALAL ABDOH; GADJA MADA; GOODYEARS WINGFOOT ESTATE; INDONESIAN MERCHANT MARINE; INDONESIAN NAVY; KARAMI; KORPS COMMANDO - KKO; LT. COL. JOHN LIE; MUARA MAHAT; SURABAJA; TRANS-ARABIAN PIPELINE COMPANY,10TH AIR ARMY; 10TH AIR DIVISION; 11TH ARMORED INFANTRY BRIGADE; 12TH ARMY; ALGERIANS,43,This group connects 43 communities around: 10TH AIR ARMY; 10TH AIR DIVISION; 11TH ARMORED INFANTRY BRIGADE; 12TH ARMY; ALGERIANS; BAGHDAD UNIVERSITY; BANK OF KOREA; BELGIAN OFFICIALS.
18,COMMUNITY:18,0,NARRATIVE:0,CHANGCHUN RAILWAY; IRANIAN KURDS; LAHUNI CHIEFS; LIBYAN ARMY,10,CHANGCHUN RAILWAY; IRANIAN KURDS; LAHUNI CHIEFS; LIBYAN ARMY; LIBYAN DEFENSE MINISTER JERBI; PORT ARTHUR NAVAL BASE AREA; SINO-SOVIET TREATY OF 1950; TURKISH OFFICER YETISAL; Chinese Communist mission to Moscow | Chinese Communist mission seeking increased Soviet assistance for economic and military development | Communication | 1952; Appointment of Turkish officer to Libyan Army | Recommendation for a Turkish officer to be appointed as Commander in Chief of the Libyan Army | PolicyAction,10TH AIR ARMY; 10TH AIR DIVISION; 11TH ARMORED INFANTRY BRIGADE; 12TH ARMY; ALGERIANS,43,This group connects 43 communities around: 10TH AIR ARMY; 10TH AIR DIVISION; 11TH ARMORED INFANTRY BRIGADE; 12TH ARMY; ALGERIANS; BAGHDAD UNIVERSITY; BANK OF KOREA; BELGIAN OFFICIALS.
19,COMMUNITY:19,0,NARRATIVE:0,CONTROL YUAN; DJUANDA GOVERNMENT; JUSUF; KAHAR MUZAKKAR,9,CONTROL YUAN; DJUANDA GOVERNMENT; JUSUF; KAHAR MUZAKKAR; LEGISLATIVE YUAN; O. K. YUI; STATUS-OF-FORCES AGREEMENT; Impeachment of O. K. Yui | The Control Yuan impeached Premier O. K. Yui on charges of dereliction of duty. | Other | 1957-12-23; End of fighting agreement | Muzakkar agreed to end fighting between his forces and pro-Djakarta officials. | Other,10TH AIR ARMY; 10TH AIR DIVISION; 11TH ARMORED INFANTRY BRIGADE; 12TH ARMY; ALGERIANS,43,This group connects 43 communities around: 10TH AIR ARMY; 10TH AIR DIVISION; 11TH ARMORED INFANTRY BRIGADE; 12TH ARMY; ALGERIANS; BAGHDAD UNIVERSITY; BANK OF KOREA; BELGIAN OFFICIALS.
20,COMMUNITY:20,0,NARRATIVE:0,DAROTS; ETHIOPIAN CONSULATE GENERAL; ETHIOPIAN SECURITY FORCES; GREATER SOMALIA LEAGUE,9,DAROTS; ETHIOPIAN CONSULATE GENERAL; ETHIOPIAN SECURITY FORCES; GREATER SOMALIA LEAGUE; HAGI MUSA BOGOR; HAWIAS; SOMALI YOUTH LEAGUE; VYACHESLAV MOLOTOV; Protests in Somalia | Planned protests against the American Embassy and Ethiopian Consulate General by the Greater Somalia League and other groups. | Demonstrat,10TH AIR ARMY; 10TH AIR DIVISION; 11TH ARMORED INFANTRY BRIGADE; 12TH ARMY; ALGERIANS,43,This group connects 43 communities around: 10TH AIR ARMY; 10TH AIR DIVISION; 11TH ARMORED INFANTRY BRIGADE; 12TH ARMY; ALGERIANS; BAGHDAD UNIVERSITY; BANK OF KOREA; BELGIAN OFFICIALS.
21,COMMUNITY:21,0,NARRATIVE:0,ANSEELE; BELGIAN CABINET; LAROCK; PAUL-HENRI SPAAK,8,ANSEELE; BELGIAN CABINET; LAROCK; PAUL-HENRI SPAAK; SOCIALIST-LIBERAL COALITION CABINET; VAN ACKER; Agreement on Saudi oil transport | Agreement granting Onassis' company exclusive rights to transport Saudi oil. | Negotiation | 1953-12-31; EUROPEAN INTEGRATION,10TH AIR ARMY; 10TH AIR DIVISION; 11TH ARMORED INFANTRY BRIGADE; 12TH ARMY; ALGERIANS,43,This group connects 43 communities around: 10TH AIR ARMY; 10TH AIR DIVISION; 11TH ARMORED INFANTRY BRIGADE; 12TH ARMY; ALGERIANS; BAGHDAD UNIVERSITY; BANK OF KOREA; BELGIAN OFFICIALS.
22,COMMUNITY:22,0,NARRATIVE:0,FRENCH PRESIDENT OF THE ALGERIAN FEDERATION OF MAYORS; OUENZA IRON MINE; SWEDISH DIPLOMATS; TBILISI,8,FRENCH PRESIDENT OF THE ALGERIAN FEDERATION OF MAYORS; OUENZA IRON MINE; SWEDISH DIPLOMATS; TBILISI; ZARYA VOSTOKA; Public disorders in Georgia | Demonstrations protesting against the attacks on Stalin's reputation | Demonstration | 1956-03-07; Algerian economy near-collapse | Algerian economy reported in a state of near-collapse due to rebel attacks | EconomicAction; Tripartite Appeal Suggestion | Pineau suggested a meeting of French-British-American ministers to appeal to the USSR regarding the Near East arms race. | Meetin,10TH AIR ARMY; 10TH AIR DIVISION; 11TH ARMORED INFANTRY BRIGADE; 12TH ARMY; ALGERIANS,43,This group connects 43 communities around: 10TH AIR ARMY; 10TH AIR DIVISION; 11TH ARMORED INFANTRY BRIGADE; 12TH ARMY; ALGERIANS; BAGHDAD UNIVERSITY; BANK OF KOREA; BELGIAN OFFICIALS.
25,COMMUNITY:25,0,NARRATIVE:0,KURDISH TRIBAL AREAS; LANCHOW; MOSLEM GUERRILLAS; TSINGHAI PROVINCE,7,KURDISH TRIBAL AREAS; LANCHOW; MOSLEM GUERRILLAS; TSINGHAI PROVINCE; Repatriation of POWs | Vyshinsky stated that all prisoners should be repatriated regardless of their wishes. | Negotiation | 1952-11-10; Recapture of base | Moslem guerrillas recaptured their base in eastern Tsinghai Province. | MilitaryAction | 1952-10-16; Arms policy discussion | British Government discusses arms release to Egypt and its implications. | PolicyAction,10TH AIR ARMY; 10TH AIR DIVISION; 11TH ARMORED INFANTRY BRIGADE; 12TH ARMY; ALGERIANS,43,This group connects 43 communities around: 10TH AIR ARMY; 10TH AIR DIVISION; 11TH ARMORED INFANTRY BRIGADE; 12TH ARMY; ALGERIANS; BAGHDAD UNIVERSITY; BANK OF KOREA; BELGIAN OFFICIALS.
26,COMMUNITY:26,0,NARRATIVE:0,FUKUDA; GENERAL MUSA; KEIDANREN; LT. GEN. HABIBULLAH,7,FUKUDA; GENERAL MUSA; KEIDANREN; LT. GEN. HABIBULLAH; Attack on opposition deputies | Opposition deputies attacked by ruling party members | Violence | 1959-09-22; Shift of national capital | Shift of national capital from Karachi to Rawalpindi area scheduled to begin | PolicyAction | 1959-10; Warning to faction leaders | Kishi warns faction leaders about potential Diet dissolution | Communication | 1959-09-23,10TH AIR ARMY; 10TH AIR DIVISION; 11TH ARMORED INFANTRY BRIGADE; 12TH ARMY; ALGERIANS,43,This group connects 43 communities around: 10TH AIR ARMY; 10TH AIR DIVISION; 11TH ARMORED INFANTRY BRIGADE; 12TH ARMY; ALGERIANS; BAGHDAD UNIVERSITY; BANK OF KOREA; BELGIAN OFFICIALS.
27,COMMUNITY:27,0,NARRATIVE:0,CHINMENS; DR. MOZAFAR BAQAI; ISMAIL SHAFAI; MENHALL PROSPECTING AND EXPLORATION COMPANY,7,CHINMENS; DR. MOZAFAR BAQAI; ISMAIL SHAFAI; MENHALL PROSPECTING AND EXPLORATION COMPANY; SOCIETÉ DES PETROLES CONCORDIA; TOILERS PARTY; Suspension of Operations | Operations of the Menhall group were suspended and its funds frozen. | EconomicAction | 1958-10-05,10TH AIR ARMY; 10TH AIR DIVISION; 11TH ARMORED INFANTRY BRIGADE; 12TH ARMY; ALGERIANS,43,This group connects 43 communities around: 10TH AIR ARMY; 10TH AIR DIVISION; 11TH ARMORED INFANTRY BRIGADE; 12TH ARMY; ALGERIANS; BAGHDAD UNIVERSITY; BANK OF KOREA; BELGIAN OFFICIALS.
28,COMMUNITY:28,0,NARRATIVE:0,ALGIERS JUNTA; COLONEL DE BOISSIEU; FLN MILITARY UNITS; GENERAL JOUHAUD,6,ALGIERS JUNTA; COLONEL DE BOISSIEU; FLN MILITARY UNITS; GENERAL JOUHAUD; PIERRE GALLOIS; Government's emergency measures | The government initiated judicial proceedings and other measures against participants in the revolt. | PolicyAction | 1961-04-,10TH AIR ARMY; 10TH AIR DIVISION; 11TH ARMORED INFANTRY BRIGADE; 12TH ARMY; ALGERIANS,43,This group connects 43 communities around: 10TH AIR ARMY; 10TH AIR DIVISION; 11TH ARMORED INFANTRY BRIGADE; 12TH ARMY; ALGERIANS; BAGHDAD UNIVERSITY; BANK OF KOREA; BELGIAN OFFICIALS.
30,COMMUNITY:30,0,NARRATIVE:0,BRITISH UN DELEGATE JEBB; ISRAELI DELEGATION; MOHAMMED NATSIR; US B-29,6,BRITISH UN DELEGATE JEBB; ISRAELI DELEGATION; MOHAMMED NATSIR; US B-29; Night attack on US B-29 | A US medium bomber was attacked by enemy aircraft during a night harassing mission. | MilitaryAction | 1951-03-17; Soviet diplomatic feeler regarding Korea | Soviet delegate Malik raised the Korean question at an Israeli reception. | Communication | 1951-03-14,10TH AIR ARMY; 10TH AIR DIVISION; 11TH ARMORED INFANTRY BRIGADE; 12TH ARMY; ALGERIANS,43,This group connects 43 communities around: 10TH AIR ARMY; 10TH AIR DIVISION; 11TH ARMORED INFANTRY BRIGADE; 12TH ARMY; ALGERIANS; BAGHDAD UNIVERSITY; BANK OF KOREA; BELGIAN OFFICIALS.
31,COMMUNITY:31,0,NARRATIVE:0,AL BRIJ; HAQAL; SAUDI SHIP; SHAIKH HAMID,6,AL BRIJ; HAQAL; SAUDI SHIP; SHAIKH HAMID; Advance party meeting | An advance party under two officers was to meet the Saudi ship. | Meeting; Installation of artillery | Saudi Arabia installed medium artillery pieces near the Israeli port of Eilat. | MilitaryAction,10TH AIR ARMY; 10TH AIR DIVISION; 11TH ARMORED INFANTRY BRIGADE; 12TH ARMY; ALGERIANS,43,This group connects 43 communities around: 10TH AIR ARMY; 10TH AIR DIVISION; 11TH ARMORED INFANTRY BRIGADE; 12TH ARMY; ALGERIANS; BAGHDAD UNIVERSITY; BANK OF KOREA; BELGIAN OFFICIALS.
32,COMMUNITY:32,0,NARRATIVE:0,HABOMAI ISLANDS; KUNASHIRI; SHIKOTAN; YUGOSLAV NUCLEAR PROGRAM,6,HABOMAI ISLANDS; KUNASHIRI; SHIKOTAN; YUGOSLAV NUCLEAR PROGRAM; Dismantling of facilities | Soviet personnel observed dismantling facilities and packing them for shipment. | MilitaryAction | February and early March 1957; Negotiations regarding nuclear assistance | Yugoslavs indicated interest in reopening negotiations with the United States regarding nuclear assistance. | Negoti,10TH AIR ARMY; 10TH AIR DIVISION; 11TH ARMORED INFANTRY BRIGADE; 12TH ARMY; ALGERIANS,43,This group connects 43 communities around: 10TH AIR ARMY; 10TH AIR DIVISION; 11TH ARMORED INFANTRY BRIGADE; 12TH ARMY; ALGERIANS; BAGHDAD UNIVERSITY; BANK OF KOREA; BELGIAN OFFICIALS.
33,COMMUNITY:33,0,NARRATIVE:0,D. R. RASULOV; I. A. SEROV; N. A. MIKHAILOV; P. M. KUMYKIN,6,"D. R. RASULOV; I. A. SEROV; N. A. MIKHAILOV; P. M. KUMYKIN; Z. R. RAKHIMBABAYEVA; Trip to South Asia | Soviet leaders Premier Bulganin and Party Secretary Khrushchev traveling to India, Burma, and Afghanistan. | Travel | 1955-11-18",10TH AIR ARMY; 10TH AIR DIVISION; 11TH ARMORED INFANTRY BRIGADE; 12TH ARMY; ALGERIANS,43,This group connects 43 communities around: 10TH AIR ARMY; 10TH AIR DIVISION; 11TH ARMORED INFANTRY BRIGADE; 12TH ARMY; ALGERIANS; BAGHDAD UNIVERSITY; BANK OF KOREA; BELGIAN OFFICIALS.
34,COMMUNITY:34,0,NARRATIVE:0,ASSISTANT SECRETARY OF STATE BYROADE; MONGOLIAN DEFENSE MINISTER; NORTH KOREAN ARMY; Investigation of BW Incident | A North Korean military sanitation officer disproves a police report of an American bacteria bomb incident. | Other,6,ASSISTANT SECRETARY OF STATE BYROADE; MONGOLIAN DEFENSE MINISTER; NORTH KOREAN ARMY; Investigation of BW Incident | A North Korean military sanitation officer disproves a police report of an American bacteria bomb incident. | Other; UN air offensive effects report | Report issued by North Korean Army on damage caused by UN air attacks. | Communication | 1952-08-15; Changes in American-Israeli relations | Anticipated changes in relations due to recent events affecting Israel. | PolicyAction,10TH AIR ARMY; 10TH AIR DIVISION; 11TH ARMORED INFANTRY BRIGADE; 12TH ARMY; ALGERIANS,43,This group connects 43 communities around: 10TH AIR ARMY; 10TH AIR DIVISION; 11TH ARMORED INFANTRY BRIGADE; 12TH ARMY; ALGERIANS; BAGHDAD UNIVERSITY; BANK OF KOREA; BELGIAN OFFICIALS.
35,COMMUNITY:35,0,NARRATIVE:0,NATIONAL LIBERATION ARMY; PALESTINE LIBERATION ARMY; SYRIAN AMBASSADOR ZEINEDDINE; WESTERN DESERT,6,NATIONAL LIBERATION ARMY; PALESTINE LIBERATION ARMY; SYRIAN AMBASSADOR ZEINEDDINE; WESTERN DESERT; Egyptian military redeployment | Egypt partially regrouped its forces to strengthen the defense of the Suez Canal and delta areas. | MilitaryAction; Syrian ambassador's communication | Syrian ambassador Zeineddine urged Egypt to compromise on the Suez Canal dispute. | Communication | 1956-08-11,10TH AIR ARMY; 10TH AIR DIVISION; 11TH ARMORED INFANTRY BRIGADE; 12TH ARMY; ALGERIANS,43,This group connects 43 communities around: 10TH AIR ARMY; 10TH AIR DIVISION; 11TH ARMORED INFANTRY BRIGADE; 12TH ARMY; ALGERIANS; BAGHDAD UNIVERSITY; BANK OF KOREA; BELGIAN OFFICIALS.
37,COMMUNITY:37,0,NARRATIVE:0,C. C. DESAI; DR. J. N. KHOSLA; M. J. DESAI; S. DUTT,6,C. C. DESAI; DR. J. N. KHOSLA; M. J. DESAI; S. DUTT; Proposal for Southeast Asian regional pact | India plans to submit a proposal for a regional alliance as an alternative to SEATO. | Negotiation | 1954-08-04; Appointment of Indian delegates to Indochina Truce Commission | Indian appointees to the Indochina commission believed pro-Western. | PolicyAction,10TH AIR ARMY; 10TH AIR DIVISION; 11TH ARMORED INFANTRY BRIGADE; 12TH ARMY; ALGERIANS,43,This group connects 43 communities around: 10TH AIR ARMY; 10TH AIR DIVISION; 11TH ARMORED INFANTRY BRIGADE; 12TH ARMY; ALGERIANS; BAGHDAD UNIVERSITY; BANK OF KOREA; BELGIAN OFFICIALS.
39,COMMUNITY:39,0,NARRATIVE:0,B. N. PONOMAREV; YUGOSLAV EMBASSY; Voluntary Labor by UAR Ambassador | Ambassador Rajab of the United Arab Republic and his staff participated in voluntary labor at a reservoir project. | Other |; Dissident Activity in North Sumatra | Dissidents are well armed and maintaining strong defensive positions. | Violence,5,B. N. PONOMAREV; YUGOSLAV EMBASSY; Voluntary Labor by UAR Ambassador | Ambassador Rajab of the United Arab Republic and his staff participated in voluntary labor at a reservoir project. | Other |; Dissident Activity in North Sumatra | Dissidents are well armed and maintaining strong defensive positions. | Violence; NEW JOURNAL,10TH AIR ARMY; 10TH AIR DIVISION; 11TH ARMORED INFANTRY BRIGADE; 12TH ARMY; ALGERIANS,43,This group connects 43 communities around: 10TH AIR ARMY; 10TH AIR DIVISION; 11TH ARMORED INFANTRY BRIGADE; 12TH ARMY; ALGERIANS; BAGHDAD UNIVERSITY; BANK OF KOREA; BELGIAN OFFICIALS.
41,COMMUNITY:41,0,NARRATIVE:0,LIAO WEN-I; PROVISIONAL GOVERNMENT OF THE REPUBLIC OF TAIWAN; TAIWAN INDEPENDENCE PARTY; AA build-up on Quemoy and Matsu | Nationalists are building up antiaircraft artillery in response to Communist threats. | MilitaryAction,5,"LIAO WEN-I; PROVISIONAL GOVERNMENT OF THE REPUBLIC OF TAIWAN; TAIWAN INDEPENDENCE PARTY; AA build-up on Quemoy and Matsu | Nationalists are building up antiaircraft artillery in response to Communist threats. | MilitaryAction; Communist propaganda on Taiwan | Communist China emphasizes calls for Nationalist defections. | Communication | past two weeks from March 4, 1956",10TH AIR ARMY; 10TH AIR DIVISION; 11TH ARMORED INFANTRY BRIGADE; 12TH ARMY; ALGERIANS,43,This group connects 43 communities around: 10TH AIR ARMY; 10TH AIR DIVISION; 11TH ARMORED INFANTRY BRIGADE; 12TH ARMY; ALGERIANS; BAGHDAD UNIVERSITY; BANK OF KOREA; BELGIAN OFFICIALS.
42,COMMUNITY:42,0,NARRATIVE:0,ALGERIAN PEOPLE; LT. GEN. NAJIB AL-RUBAI; RED CRESCENT SOCIETY; Algerian settlement plan opposition | The USSR's opposition to De Gaulle's plan for an Algerian settlement. | PolicyAction,5,"ALGERIAN PEOPLE; LT. GEN. NAJIB AL-RUBAI; RED CRESCENT SOCIETY; Algerian settlement plan opposition | The USSR's opposition to De Gaulle's plan for an Algerian settlement. | PolicyAction; Rebel ministers' departure | Departure of two rebel ministers for anniversary celebrations, indicating potential closer relations with the bloc. | Travel | 1959",10TH AIR ARMY; 10TH AIR DIVISION; 11TH ARMORED INFANTRY BRIGADE; 12TH ARMY; ALGERIANS,43,This group connects 43 communities around: 10TH AIR ARMY; 10TH AIR DIVISION; 11TH ARMORED INFANTRY BRIGADE; 12TH ARMY; ALGERIANS; BAGHDAD UNIVERSITY; BANK OF KOREA; BELGIAN OFFICIALS.
43,COMMUNITY:43,0,NARRATIVE:0,FRENCH INDUSTRIAL FIRMS; SENATOR ROCHERAU; TENG; Delegation of Chinese engineers travel to France | Chinese engineers expected to travel to France for further discussions. | Travel | late this year or early ne,5,FRENCH INDUSTRIAL FIRMS; SENATOR ROCHERAU; TENG; Delegation of Chinese engineers travel to France | Chinese engineers expected to travel to France for further discussions. | Travel | late this year or early ne; FRENCH ECONOMIC MISSION TALKS,10TH AIR ARMY; 10TH AIR DIVISION; 11TH ARMORED INFANTRY BRIGADE; 12TH ARMY; ALGERIANS,43,This group connects 43 communities around: 10TH AIR ARMY; 10TH AIR DIVISION; 11TH ARMORED INFANTRY BRIGADE; 12TH ARMY; ALGERIANS; BAGHDAD UNIVERSITY; BANK OF KOREA; BELGIAN OFFICIALS.
44,COMMUNITY:44,0,NARRATIVE:0,ANTONIO BLANCO RICO; FRANCISCO TABERNILLA; HAITIAN EMBASSY; MARCELO TABERNILLA,5,ANTONIO BLANCO RICO; FRANCISCO TABERNILLA; HAITIAN EMBASSY; MARCELO TABERNILLA; Gun battle at Haitian embassy | Gun battle between police and fugitives at the Haitian embassy. | Violence | 1956-10-29,10TH AIR ARMY; 10TH AIR DIVISION; 11TH ARMORED INFANTRY BRIGADE; 12TH ARMY; ALGERIANS,43,This group connects 43 communities around: 10TH AIR ARMY; 10TH AIR DIVISION; 11TH ARMORED INFANTRY BRIGADE; 12TH ARMY; ALGERIANS; BAGHDAD UNIVERSITY; BANK OF KOREA; BELGIAN OFFICIALS.
45,COMMUNITY:45,0,NARRATIVE:0,MASAYOSHI OHIRA; OKINAWAN LEGISLATORS; RYUKYUAN LEGISLATURE; Meeting of Okinawan legislators with Ikeda | Okinawan legislators presented a resolution to Ikeda regarding representation and missile opposition | Meeting | 19,5,MASAYOSHI OHIRA; OKINAWAN LEGISLATORS; RYUKYUAN LEGISLATURE; Meeting of Okinawan legislators with Ikeda | Okinawan legislators presented a resolution to Ikeda regarding representation and missile opposition | Meeting | 19; Commonwealth Strategic Reserve maintenance | Maintenance of the Commonwealth Strategic Reserve force in Malaya | MilitaryAction,10TH AIR ARMY; 10TH AIR DIVISION; 11TH ARMORED INFANTRY BRIGADE; 12TH ARMY; ALGERIANS,43,This group connects 43 communities around: 10TH AIR ARMY; 10TH AIR DIVISION; 11TH ARMORED INFANTRY BRIGADE; 12TH ARMY; ALGERIANS; BAGHDAD UNIVERSITY; BANK OF KOREA; BELGIAN OFFICIALS.
46,COMMUNITY:46,0,NARRATIVE:0,BERLIN FOUR-POWER CONFERENCE; HUANG HUA; KENNETH YOUNG; American aid reduction forecast | Forecast by Ambassador Allen regarding the impact of reduced US aid to India | PolicyAction | 1954-01-19,5,BERLIN FOUR-POWER CONFERENCE; HUANG HUA; KENNETH YOUNG; American aid reduction forecast | Forecast by Ambassador Allen regarding the impact of reduced US aid to India | PolicyAction | 1954-01-19; KOREAN PRISONER RELEASE NEGOTIATION,10TH AIR ARMY; 10TH AIR DIVISION; 11TH ARMORED INFANTRY BRIGADE; 12TH ARMY; ALGERIANS,43,This group connects 43 communities around: 10TH AIR ARMY; 10TH AIR DIVISION; 11TH ARMORED INFANTRY BRIGADE; 12TH ARMY; ALGERIANS; BAGHDAD UNIVERSITY; BANK OF KOREA; BELGIAN OFFICIALS.
48,COMMUNITY:48,0,NARRATIVE:0,MOHMAND; MOHMANDS; NINGRAHAR; Murder of Afghan District Official | An Afghan district official was murdered by Mohmands. | Violence | 1958-12,5,MOHMAND; MOHMANDS; NINGRAHAR; Murder of Afghan District Official | An Afghan district official was murdered by Mohmands. | Violence | 1958-12; Troop Suppression | Kabul sent troops to suppress agitation and arrest Mohmand leaders. | MilitaryAction | 1958-12,10TH AIR ARMY; 10TH AIR DIVISION; 11TH ARMORED INFANTRY BRIGADE; 12TH ARMY; ALGERIANS,43,This group connects 43 communities around: 10TH AIR ARMY; 10TH AIR DIVISION; 11TH ARMORED INFANTRY BRIGADE; 12TH ARMY; ALGERIANS; BAGHDAD UNIVERSITY; BANK OF KOREA; BELGIAN OFFICIALS.
50,COMMUNITY:50,0,NARRATIVE:0,GENERAL ARTEMEV; GENERAL SINILOV; SOVIET FOREIGN MINISTER MOLOTOV; YUGOSLAV CHARGE,5,GENERAL ARTEMEV; GENERAL SINILOV; SOVIET FOREIGN MINISTER MOLOTOV; YUGOSLAV CHARGE; Clarification of US intentions | Soviet Ambassador Pavlov sought clarification of US intentions during a courtesy call by Ambassador Dillon. | Communication | 1,10TH AIR ARMY; 10TH AIR DIVISION; 11TH ARMORED INFANTRY BRIGADE; 12TH ARMY; ALGERIANS,43,This group connects 43 communities around: 10TH AIR ARMY; 10TH AIR DIVISION; 11TH ARMORED INFANTRY BRIGADE; 12TH ARMY; ALGERIANS; BAGHDAD UNIVERSITY; BANK OF KOREA; BELGIAN OFFICIALS.
53,COMMUNITY:53,0,NARRATIVE:0,DUTCH AND AUSTRALIAN OFFICIALS; LEBANESE INTERIOR MINISTRY; Attempted dynamiting of parliament | Attempted attack linked to Communist and rightist parties | Violence | 1957-11-06; Dutch-Australian cooperation statement | Statement of intent to strengthen cooperation against Indonesian demands | PolicyAction | 1957-11-06,4,DUTCH AND AUSTRALIAN OFFICIALS; LEBANESE INTERIOR MINISTRY; Attempted dynamiting of parliament | Attempted attack linked to Communist and rightist parties | Violence | 1957-11-06; Dutch-Australian cooperation statement | Statement of intent to strengthen cooperation against Indonesian demands | PolicyAction | 1957-11-06,10TH AIR ARMY; 10TH AIR DIVISION; 11TH ARMORED INFANTRY BRIGADE; 12TH ARMY; ALGERIANS,43,This group connects 43 communities around: 10TH AIR ARMY; 10TH AIR DIVISION; 11TH ARMORED INFANTRY BRIGADE; 12TH ARMY; ALGERIANS; BAGHDAD UNIVERSITY; BANK OF KOREA; BELGIAN OFFICIALS.
54,COMMUNITY:54,0,NARRATIVE:0,NATIONAL TRADE UNION COUNCIL; WORKERS AND SOLDIERS COUNCIL OF SZOLNOK; WORKERS COMMITTEE OF GREATER MISKOLC; GENERAL STRIKE IN HUNGARY,4,NATIONAL TRADE UNION COUNCIL; WORKERS AND SOLDIERS COUNCIL OF SZOLNOK; WORKERS COMMITTEE OF GREATER MISKOLC; GENERAL STRIKE IN HUNGARY,10TH AIR ARMY; 10TH AIR DIVISION; 11TH ARMORED INFANTRY BRIGADE; 12TH ARMY; ALGERIANS,43,This group connects 43 communities around: 10TH AIR ARMY; 10TH AIR DIVISION; 11TH ARMORED INFANTRY BRIGADE; 12TH ARMY; ALGERIANS; BAGHDAD UNIVERSITY; BANK OF KOREA; BELGIAN OFFICIALS.
60,COMMUNITY:60,0,NARRATIVE:0,AUGUSTIN MARTINEZ SANCHEZ; KRIM; MANUEL FERNANDEZ; TUNISIAN OFFICIAL,4,AUGUSTIN MARTINEZ SANCHEZ; KRIM; MANUEL FERNANDEZ; TUNISIAN OFFICIAL,10TH AIR ARMY; 10TH AIR DIVISION; 11TH ARMORED INFANTRY BRIGADE; 12TH ARMY; ALGERIANS,43,This group connects 43 communities around: 10TH AIR ARMY; 10TH AIR DIVISION; 11TH ARMORED INFANTRY BRIGADE; 12TH ARMY; ALGERIANS; BAGHDAD UNIVERSITY; BANK OF KOREA; BELGIAN OFFICIALS.
62,COMMUNITY:62,0,NARRATIVE:0,DEPUTY PREMIER NHOUY; KHOU GOVERNMENT; MANGAL TRIBES; Kandahar disturbances | Large-scale rioting that occurred in Kandahar. | Violence | December,4,DEPUTY PREMIER NHOUY; KHOU GOVERNMENT; MANGAL TRIBES; Kandahar disturbances | Large-scale rioting that occurred in Kandahar. | Violence | December,10TH AIR ARMY; 10TH AIR DIVISION; 11TH ARMORED INFANTRY BRIGADE; 12TH ARMY; ALGERIANS,43,This group connects 43 communities around: 10TH AIR ARMY; 10TH AIR DIVISION; 11TH ARMORED INFANTRY BRIGADE; 12TH ARMY; ALGERIANS; BAGHDAD UNIVERSITY; BANK OF KOREA; BELGIAN OFFICIALS.
64,COMMUNITY:64,0,NARRATIVE:0,EAST GERMAN AIR FORCE; EAST GERMAN ARMY; East German exercise with air support | First noted exercise to include air support by East German army. | MilitaryAction | 1954-08-06; East German division level exercises | Two divisions of Corps North conducted separate exercises believed to be of division level. | MilitaryAction | 1954-08-16,4,EAST GERMAN AIR FORCE; EAST GERMAN ARMY; East German exercise with air support | First noted exercise to include air support by East German army. | MilitaryAction | 1954-08-06; East German division level exercises | Two divisions of Corps North conducted separate exercises believed to be of division level. | MilitaryAction | 1954-08-16,10TH AIR ARMY; 10TH AIR DIVISION; 11TH ARMORED INFANTRY BRIGADE; 12TH ARMY; ALGERIANS,43,This group connects 43 communities around: 10TH AIR ARMY; 10TH AIR DIVISION; 11TH ARMORED INFANTRY BRIGADE; 12TH ARMY; ALGERIANS; BAGHDAD UNIVERSITY; BANK OF KOREA; BELGIAN OFFICIALS.
65,COMMUNITY:65,0,NARRATIVE:0,EAST GERMAN RAILWAYS; FREE GERMAN YOUTH (FDJ); Turkey declines conference invitation | Turkey declines Jordan's invitation to the Jerusalem conference on Palestine. | Communication | 1954-05-20; EAST BERLIN YOUTH RALLY,4,EAST GERMAN RAILWAYS; FREE GERMAN YOUTH (FDJ); Turkey declines conference invitation | Turkey declines Jordan's invitation to the Jerusalem conference on Palestine. | Communication | 1954-05-20; EAST BERLIN YOUTH RALLY,10TH AIR ARMY; 10TH AIR DIVISION; 11TH ARMORED INFANTRY BRIGADE; 12TH ARMY; ALGERIANS,43,This group connects 43 communities around: 10TH AIR ARMY; 10TH AIR DIVISION; 11TH ARMORED INFANTRY BRIGADE; 12TH ARMY; ALGERIANS; BAGHDAD UNIVERSITY; BANK OF KOREA; BELGIAN OFFICIALS.
66,COMMUNITY:66,0,NARRATIVE:0,"CHINESE COMMUNIST 26TH AIR DIVISION; LIUCHOU; Denunciation of Nagy | Rakosi's denunciation of Nagy. | Communication | 1955-03-04; Troop Shipment to Quemoy | Shipment of approximately 13,000 Chinese Nationalist filler personnel to the Quemoy group. | MilitaryAction | March 1955",4,"CHINESE COMMUNIST 26TH AIR DIVISION; LIUCHOU; Denunciation of Nagy | Rakosi's denunciation of Nagy. | Communication | 1955-03-04; Troop Shipment to Quemoy | Shipment of approximately 13,000 Chinese Nationalist filler personnel to the Quemoy group. | MilitaryAction | March 1955",10TH AIR ARMY; 10TH AIR DIVISION; 11TH ARMORED INFANTRY BRIGADE; 12TH ARMY; ALGERIANS,43,This group connects 43 communities around: 10TH AIR ARMY; 10TH AIR DIVISION; 11TH ARMORED INFANTRY BRIGADE; 12TH ARMY; ALGERIANS; BAGHDAD UNIVERSITY; BANK OF KOREA; BELGIAN OFFICIALS.
67,COMMUNITY:67,0,NARRATIVE:0,GOODYEAR; WINGFOOT; Troop transfer decision | Prime Minister Djuanda stated a decision had been made to transfer additional troops to Sumatra. | PolicyAction,3,GOODYEAR; WINGFOOT; Troop transfer decision | Prime Minister Djuanda stated a decision had been made to transfer additional troops to Sumatra. | PolicyAction,10TH AIR ARMY; 10TH AIR DIVISION; 11TH ARMORED INFANTRY BRIGADE; 12TH ARMY; ALGERIANS,43,This group connects 43 communities around: 10TH AIR ARMY; 10TH AIR DIVISION; 11TH ARMORED INFANTRY BRIGADE; 12TH ARMY; ALGERIANS; BAGHDAD UNIVERSITY; BANK OF KOREA; BELGIAN OFFICIALS.
69,COMMUNITY:69,0,NARRATIVE:0,EAST GERMAN ALERT AND BORDER POLICE; SAXONY; THURINGIA,3,EAST GERMAN ALERT AND BORDER POLICE; SAXONY; THURINGIA,10TH AIR ARMY; 10TH AIR DIVISION; 11TH ARMORED INFANTRY BRIGADE; 12TH ARMY; ALGERIANS,43,This group connects 43 communities around: 10TH AIR ARMY; 10TH AIR DIVISION; 11TH ARMORED INFANTRY BRIGADE; 12TH ARMY; ALGERIANS; BAGHDAD UNIVERSITY; BANK OF KOREA; BELGIAN OFFICIALS.
76,COMMUNITY:76,0,NARRATIVE:0,ADMIRAL SMOOT; MINISTER OF DEFENSE YU TA-WEI; YU TA-WEI,3,ADMIRAL SMOOT; MINISTER OF DEFENSE YU TA-WEI; YU TA-WEI,10TH AIR ARMY; 10TH AIR DIVISION; 11TH ARMORED INFANTRY BRIGADE; 12TH ARMY; ALGERIANS,43,This group connects 43 communities around: 10TH AIR ARMY; 10TH AIR DIVISION; 11TH ARMORED INFANTRY BRIGADE; 12TH ARMY; ALGERIANS; BAGHDAD UNIVERSITY; BANK OF KOREA; BELGIAN OFFICIALS.
78,COMMUNITY:78,0,NARRATIVE:0,KONSTANTIN PETUKHOV; USSR STATE SCIENTIFIC-TECHNICAL COMMITTEE; YURY MAKSAREV,3,KONSTANTIN PETUKHOV; USSR STATE SCIENTIFIC-TECHNICAL COMMITTEE; YURY MAKSAREV,10TH AIR ARMY; 10TH AIR DIVISION; 11TH ARMORED INFANTRY BRIGADE; 12TH ARMY; ALGERIANS,43,This group connects 43 communities around: 10TH AIR ARMY; 10TH AIR DIVISION; 11TH ARMORED INFANTRY BRIGADE; 12TH ARMY; ALGERIANS; BAGHDAD UNIVERSITY; BANK OF KOREA; BELGIAN OFFICIALS.
81,COMMUNITY:81,0,NARRATIVE:0,ANNAMESE; FRENCH VICE-CONSUL; ROYERE,3,ANNAMESE; FRENCH VICE-CONSUL; ROYERE,10TH AIR ARMY; 10TH AIR DIVISION; 11TH ARMORED INFANTRY BRIGADE; 12TH ARMY; ALGERIANS,43,This group connects 43 communities around: 10TH AIR ARMY; 10TH AIR DIVISION; 11TH ARMORED INFANTRY BRIGADE; 12TH ARMY; ALGERIANS; BAGHDAD UNIVERSITY; BANK OF KOREA; BELGIAN OFFICIALS.
84,COMMUNITY:84,0,NARRATIVE:0,FIRST FOREIGN LEGION PARACHUTE REGIMENT; SEVENTH REGIMENT; MILITARY REVOLT,3,FIRST FOREIGN LEGION PARACHUTE REGIMENT; SEVENTH REGIMENT; MILITARY REVOLT,10TH AIR ARMY; 10TH AIR DIVISION; 11TH ARMORED INFANTRY BRIGADE; 12TH ARMY; ALGERIANS,43,This group connects 43 communities around: 10TH AIR ARMY; 10TH AIR DIVISION; 11TH ARMORED INFANTRY BRIGADE; 12TH ARMY; ALGERIANS; BAGHDAD UNIVERSITY; BANK OF KOREA; BELGIAN OFFICIALS.
90,COMMUNITY:90,0,NARRATIVE:0,JULIUSZ HUEBNER; POLANDS INTERNAL SECURITY FORCES; WACLAW KOMAR,3,JULIUSZ HUEBNER; POLANDS INTERNAL SECURITY FORCES; WACLAW KOMAR,10TH AIR ARMY; 10TH AIR DIVISION; 11TH ARMORED INFANTRY BRIGADE; 12TH ARMY; ALGERIANS,43,This group connects 43 communities around: 10TH AIR ARMY; 10TH AIR DIVISION; 11TH ARMORED INFANTRY BRIGADE; 12TH ARMY; ALGERIANS; BAGHDAD UNIVERSITY; BANK OF KOREA; BELGIAN OFFICIALS.
93,COMMUNITY:93,0,NARRATIVE:0,"BRITISH DE HAVILLAND; HELWAN; Construction of large installation | Egypt began construction of a large installation comprising a steelworks, foundry, and rolling mill. | Other | late 1954",3,"BRITISH DE HAVILLAND; HELWAN; Construction of large installation | Egypt began construction of a large installation comprising a steelworks, foundry, and rolling mill. | Other | late 1954",10TH AIR ARMY; 10TH AIR DIVISION; 11TH ARMORED INFANTRY BRIGADE; 12TH ARMY; ALGERIANS,43,This group connects 43 communities around: 10TH AIR ARMY; 10TH AIR DIVISION; 11TH ARMORED INFANTRY BRIGADE; 12TH ARMY; ALGERIANS; BAGHDAD UNIVERSITY; BANK OF KOREA; BELGIAN OFFICIALS.
1,COMMUNITY:1,1,NARRATIVE:1,35TH ARMY; 7TH GUARDS MECHANIZED DIVISION; ABDOLLAH ENTEZAM; ABDULLAH GOVERNMENT,2470,35TH ARMY; 7TH GUARDS MECHANIZED DIVISION; ABDOLLAH ENTEZAM; ABDULLAH GOVERNMENT; ABDUL AZIZ CHOUCHANE; ABD AL-KARIM; ACHILLES; ACTING CHIEF OF STAFF LUBIS; ADENAUER; ADENAUER COALITION; ADENAUER GOVERNMENT; ADMIRAL DOYLE; ADMIRAL FECHTELER; ADMIRAL MCCORMICK; ADMIRAL MOUNTBATTEN,35TH ARMY; 7TH GUARDS MECHANIZED DIVISION; ABDOLLAH ENTEZAM; ABDULLAH GOVERNMENT; 11-MEMBER EXECUTIVE COUNCIL,15,This group connects 15 communities around: 35TH ARMY; 7TH GUARDS MECHANIZED DIVISION; ABDOLLAH ENTEZAM; ABDULLAH GOVERNMENT; 11-MEMBER EXECUTIVE COUNCIL; 12-NATION COMMISSION; 21ST OF SEPTEMBER MOVEMENT; 308TH DIVISION.
2,COMMUNITY:2,1,NARRATIVE:1,11-MEMBER EXECUTIVE COUNCIL; 12-NATION COMMISSION; 21ST OF SEPTEMBER MOVEMENT; 308TH DIVISION,1232,"11-MEMBER EXECUTIVE COUNCIL; 12-NATION COMMISSION; 21ST OF SEPTEMBER MOVEMENT; 308TH DIVISION; 3,700 WORKERS; ABDON PARRA; ABD AL-WAHHAB MIRJAN; ACCION DEMOCRATICA; ADENAUER SUPPORTERS; ADLAI STEVENSON; ADMIRAL WOLFGANG LARRAZABAL; ADOLFO LOPEZ MATEOS; ADU; AFRICAN POLITICAL PARTY; AFRICA FREEDOM DAY",35TH ARMY; 7TH GUARDS MECHANIZED DIVISION; ABDOLLAH ENTEZAM; ABDULLAH GOVERNMENT; 11-MEMBER EXECUTIVE COUNCIL,15,This group connects 15 communities around: 35TH ARMY; 7TH GUARDS MECHANIZED DIVISION; ABDOLLAH ENTEZAM; ABDULLAH GOVERNMENT; 11-MEMBER EXECUTIVE COUNCIL; 12-NATION COMMISSION; 21ST OF SEPTEMBER MOVEMENT; 308TH DIVISION.
3,COMMUNITY:3,1,NARRATIVE:1,1ST AIRBORNE BATTALION; 1ST INFANTRY DIVISION; 21ST DIVISION; 54TH BATTALION,848,1ST AIRBORNE BATTALION; 1ST INFANTRY DIVISION; 21ST DIVISION; 54TH BATTALION; 7TH DIVISION; 7 OPPOSITION POLITICAL PARTIES; ACADEMY OF ARTILLERY SCIENCES; ACTING PRIME MINISTER QUAT; ACTION GROUP; ADMIRAL CARNEY; AFGHAN ARMY; AFRO-ASIAN COUNTRIES; AIR CHIEF MARSHAL CHALERMKIAT; AIR FORCE COMMANDER; ALLIANCE PARTY,35TH ARMY; 7TH GUARDS MECHANIZED DIVISION; ABDOLLAH ENTEZAM; ABDULLAH GOVERNMENT; 11-MEMBER EXECUTIVE COUNCIL,15,This group connects 15 communities around: 35TH ARMY; 7TH GUARDS MECHANIZED DIVISION; ABDOLLAH ENTEZAM; ABDULLAH GOVERNMENT; 11-MEMBER EXECUTIVE COUNCIL; 12-NATION COMMISSION; 21ST OF SEPTEMBER MOVEMENT; 308TH DIVISION.
4,COMMUNITY:4,1,NARRATIVE:1,14TH DIVISION; 62 GROUP; ABADAN; ABAKUMOV,711,14TH DIVISION; 62 GROUP; ABADAN; ABAKUMOV; ACHDUT HAAVODA; ACTING GOVERNOR GENERAL MIRZA; ADEN PROTECTORATE FEDERATION; ADJEI; ADMIRAL BURKE; AF OF L; AGRARIAN INSTITUTE; AGUDAT; AIR MINISTER KRAUSE; ALSOGARAY; AMBASSADOR BISHOP,35TH ARMY; 7TH GUARDS MECHANIZED DIVISION; ABDOLLAH ENTEZAM; ABDULLAH GOVERNMENT; 11-MEMBER EXECUTIVE COUNCIL,15,This group connects 15 communities around: 35TH ARMY; 7TH GUARDS MECHANIZED DIVISION; ABDOLLAH ENTEZAM; ABDULLAH GOVERNMENT; 11-MEMBER EXECUTIVE COUNCIL; 12-NATION COMMISSION; 21ST OF SEPTEMBER MOVEMENT; 308TH DIVISION.
5,COMMUNITY:5,1,NARRATIVE:1,ABDALLAH AL-YAFI; ABDULLAH RIMAWI; ABD-AL HAMID BADAWI PASHA; ADMIRAL MANOLA,501,ABDALLAH AL-YAFI; ABDULLAH RIMAWI; ABD-AL HAMID BADAWI PASHA; ADMIRAL MANOLA; AHMAD HUSAYN; AHMAD MURTADA AL-MARAGHI BEY; AHMED HUSSEIN PASHA; ALBANIAN COURTS; ALBANIAN EXILE GROUP; ALBANIAN POLICE; ALEXANDRETTA; ALEXANDRIA UNIVERSITY; ALI MAHER; AL KHOURI; AL URABI,35TH ARMY; 7TH GUARDS MECHANIZED DIVISION; ABDOLLAH ENTEZAM; ABDULLAH GOVERNMENT; 11-MEMBER EXECUTIVE COUNCIL,15,This group connects 15 communities around: 35TH ARMY; 7TH GUARDS MECHANIZED DIVISION; ABDOLLAH ENTEZAM; ABDULLAH GOVERNMENT; 11-MEMBER EXECUTIVE COUNCIL; 12-NATION COMMISSION; 21ST OF SEPTEMBER MOVEMENT; 308TH DIVISION.
6,COMMUNITY:6,1,NARRATIVE:1,ABDUL RAHMAN AZZAM; ABUL PANAHI; AFRICAN REVOLUTIONARY FRONT FOR THE NATIONAL INDEPENDENCE OF PORTUGUESE COLONIES; AFRICAN REVOLUTIONARY FRONT FOR THE NATIONAL INDEPENDENCE OF PORTUGUESE COLONIES (FRAIN),363,ABDUL RAHMAN AZZAM; ABUL PANAHI; AFRICAN REVOLUTIONARY FRONT FOR THE NATIONAL INDEPENDENCE OF PORTUGUESE COLONIES; AFRICAN REVOLUTIONARY FRONT FOR THE NATIONAL INDEPENDENCE OF PORTUGUESE COLONIES (FRAIN); ALBERTO FRANCO NOGUEIRA; ALFONS GORBACH; ALFREDO RODRIGUES DOS SANTOS; AMERICAN EMBASSY IN RIO DE JANEIRO; AMILCAR CABRAL; ANGLO-AMERICAN CONSORTIUM; ANGLO-EGYPTIAN CRISIS; ANGOLA; ANGOLAN NATIONALISTS; ANGOLAN PEOPLES UNION (UPA); ARAB HIGHER COMMITTEE,35TH ARMY; 7TH GUARDS MECHANIZED DIVISION; ABDOLLAH ENTEZAM; ABDULLAH GOVERNMENT; 11-MEMBER EXECUTIVE COUNCIL,15,This group connects 15 communities around: 35TH ARMY; 7TH GUARDS MECHANIZED DIVISION; ABDOLLAH ENTEZAM; ABDULLAH GOVERNMENT; 11-MEMBER EXECUTIVE COUNCIL; 12-NATION COMMISSION; 21ST OF SEPTEMBER MOVEMENT; 308TH DIVISION.
7,COMMUNITY:7,1,NARRATIVE:1,67TH ARMY; AFRICAN DEMOCRATIC RALLY; AFRICAN REGROUPMENT PARTY; AIR INDIA INTERNATIONAL,294,67TH ARMY; AFRICAN DEMOCRATIC RALLY; AFRICAN REGROUPMENT PARTY; AIR INDIA INTERNATIONAL; ALBANIAN PEOPLES ASSEMBLY; ALEXEJ CEPICKA; AMERICAN COMPANIES; AMERICAN EMBASSY IN OTTAWA; AMERICAN JOINT DISTRIBUTION COMMITTEE; AMERICAN LEGATION; ANA KETHELY; ANTONIN NOVOTNY; ARCHBISHOP GROESZ; ARCHBISHOP GROSZ; AUSTRIAN SOCIALISTS,35TH ARMY; 7TH GUARDS MECHANIZED DIVISION; ABDOLLAH ENTEZAM; ABDULLAH GOVERNMENT; 11-MEMBER EXECUTIVE COUNCIL,15,This group connects 15 communities around: 35TH ARMY; 7TH GUARDS MECHANIZED DIVISION; ABDOLLAH ENTEZAM; ABDULLAH GOVERNMENT; 11-MEMBER EXECUTIVE COUNCIL; 12-NATION COMMISSION; 21ST OF SEPTEMBER MOVEMENT; 308TH DIVISION.
8,COMMUNITY:8,1,NARRATIVE:1,"20TH PARTY CONGRESS; ACADEMY OF SCIENCES, USSR; ADHEMAR DE BARROS; AFRICAN MEMBERS OF THE COMMUNITY",286,"20TH PARTY CONGRESS; ACADEMY OF SCIENCES, USSR; ADHEMAR DE BARROS; AFRICAN MEMBERS OF THE COMMUNITY; AHMED FRANCIS; AIR MINISTER FLEUISS; ALEKSANDR DOMRACHEV; ALGERIAN COMMUNIST PARTY; ALGERIAN NATIONAL LIBERATION ARMY; ALL-UNION PARTY PRESIDIUM; AMBASSADOR CABOT; AMBASSADOR GROSS; AMERICAN AIR ATTACHE; AMERICAN AND FOREIGN POWER COMPANY; AMERICAN NAVAL ATTACHÉ",35TH ARMY; 7TH GUARDS MECHANIZED DIVISION; ABDOLLAH ENTEZAM; ABDULLAH GOVERNMENT; 11-MEMBER EXECUTIVE COUNCIL,15,This group connects 15 communities around: 35TH ARMY; 7TH GUARDS MECHANIZED DIVISION; ABDOLLAH ENTEZAM; ABDULLAH GOVERNMENT; 11-MEMBER EXECUTIVE COUNCIL; 12-NATION COMMISSION; 21ST OF SEPTEMBER MOVEMENT; 308TH DIVISION.
9,COMMUNITY:9,1,NARRATIVE:1,26 OF JULY MOVEMENT; 8TH AND 10TH BOMBER DIVISIONS; ABYE; ADMIRAL AUBOYNEAU,279,26 OF JULY MOVEMENT; 8TH AND 10TH BOMBER DIVISIONS; ABYE; ADMIRAL AUBOYNEAU; ADRIEN OMARI; AFL/CIO; ALBANIAN REAR ADMIRAL SEJKO; ALCIBIADES AROSEMENA; ALVAREZ PLATA; ANACONDA AND BRADEN MINES; ARAB MINISTERIAL CONFERENCE; ASRATE KASSA; AUTHENTIC MNR; BANAT YACOV; BASHI TRIBE,35TH ARMY; 7TH GUARDS MECHANIZED DIVISION; ABDOLLAH ENTEZAM; ABDULLAH GOVERNMENT; 11-MEMBER EXECUTIVE COUNCIL,15,This group connects 15 communities around: 35TH ARMY; 7TH GUARDS MECHANIZED DIVISION; ABDOLLAH ENTEZAM; ABDULLAH GOVERNMENT; 11-MEMBER EXECUTIVE COUNCIL; 12-NATION COMMISSION; 21ST OF SEPTEMBER MOVEMENT; 308TH DIVISION.
10,COMMUNITY:10,1,NARRATIVE:1,ABBOUD GOVERNMENT; ABDOULAYE DIALLO; ABDUL RAHMAN; ABD AL-HAMID SARRAJ,254,ABBOUD GOVERNMENT; ABDOULAYE DIALLO; ABDUL RAHMAN; ABD AL-HAMID SARRAJ; ABD AL-QADIR ISMAIL BUSTANI; ADAMAFIO; AFRICANS; AFRICAN EXILE GROUPS; AFRICAN LABOR CONFERENCE; AFRICAN NATIONAL CONGRESS; AFRO-SHIRAZI PARTY; AFRO-SHIRAZI PARTY (ASP); AHIDJO; AHIDJO GOVERNMENT; AHIDJO REGIME,35TH ARMY; 7TH GUARDS MECHANIZED DIVISION; ABDOLLAH ENTEZAM; ABDULLAH GOVERNMENT; 11-MEMBER EXECUTIVE COUNCIL,15,This group connects 15 communities around: 35TH ARMY; 7TH GUARDS MECHANIZED DIVISION; ABDOLLAH ENTEZAM; ABDULLAH GOVERNMENT; 11-MEMBER EXECUTIVE COUNCIL; 12-NATION COMMISSION; 21ST OF SEPTEMBER MOVEMENT; 308TH DIVISION.
11,COMMUNITY:11,1,NARRATIVE:1,ADMIRAL REFET ARKUN; AEGEAN SEA; AGFA FILM FACTORY; ALBANIAN WORKERS (COMMUNIST) PARTY,254,ADMIRAL REFET ARKUN; AEGEAN SEA; AGFA FILM FACTORY; ALBANIAN WORKERS (COMMUNIST) PARTY; AMBASSADOR JACOBS; AMERICAN PETROLEUM COMPANIES; AMERICAN UNIVERSITY; ARGENTINE EMBASSY; ASIAN SOCIALIST CONFERENCE; ASSOCIATION OF JOURNALISTS; AVIDAR; BERMAN; BIERUT; BISHOP CHOROMANSKI; BISON,35TH ARMY; 7TH GUARDS MECHANIZED DIVISION; ABDOLLAH ENTEZAM; ABDULLAH GOVERNMENT; 11-MEMBER EXECUTIVE COUNCIL,15,This group connects 15 communities around: 35TH ARMY; 7TH GUARDS MECHANIZED DIVISION; ABDOLLAH ENTEZAM; ABDULLAH GOVERNMENT; 11-MEMBER EXECUTIVE COUNCIL; 12-NATION COMMISSION; 21ST OF SEPTEMBER MOVEMENT; 308TH DIVISION.
12,COMMUNITY:12,1,NARRATIVE:1,10TH ARTILLERY DIVISION; 11TH ARMY; 13TH ARMY; 16 MAY 1961,225,10TH ARTILLERY DIVISION; 11TH ARMY; 13TH ARMY; 16 MAY 1961; 2ND FIELD ARMY; 6 JANUARY 1961; AFGHAN ARMY UNIFORM FACTORY; AKSEL LARSEN; ALAN WINNINGTON; ALBANIAN NATIONAL COMMITTEE; AMERICAN JOINT CHIEFS OF STAFF; AMERICAN MINISTER THAYER; ANADYR; ANTWERP; ARGENTINE COMMUNISTS,35TH ARMY; 7TH GUARDS MECHANIZED DIVISION; ABDOLLAH ENTEZAM; ABDULLAH GOVERNMENT; 11-MEMBER EXECUTIVE COUNCIL,15,This group connects 15 communities around: 35TH ARMY; 7TH GUARDS MECHANIZED DIVISION; ABDOLLAH ENTEZAM; ABDULLAH GOVERNMENT; 11-MEMBER EXECUTIVE COUNCIL; 12-NATION COMMISSION; 21ST OF SEPTEMBER MOVEMENT; 308TH DIVISION.
13,COMMUNITY:13,1,NARRATIVE:1,AHMAD HUSSEIN; AMALGAMATED ENGINEERING UNION; AMERICAN CONSUL GENERAL IN SALISBURY; AMERICAN PETROLEUM COMPANY,188,AHMAD HUSSEIN; AMALGAMATED ENGINEERING UNION; AMERICAN CONSUL GENERAL IN SALISBURY; AMERICAN PETROLEUM COMPANY; AMERICAN TROOPS; ANDRES OTERO; ANEURIN BEVAN; ANTHONY EDEN; ANTONIO ALVAREZ RESTREPO; ANTONIO RODRIGUEZ; APRA; ATTLEE; BELGIAN CIVILIAN ADVISERS; BELGIAN-CONTROLLED MINING COMPANY; BRITISH LABORITES,35TH ARMY; 7TH GUARDS MECHANIZED DIVISION; ABDOLLAH ENTEZAM; ABDULLAH GOVERNMENT; 11-MEMBER EXECUTIVE COUNCIL,15,This group connects 15 communities around: 35TH ARMY; 7TH GUARDS MECHANIZED DIVISION; ABDOLLAH ENTEZAM; ABDULLAH GOVERNMENT; 11-MEMBER EXECUTIVE COUNCIL; 12-NATION COMMISSION; 21ST OF SEPTEMBER MOVEMENT; 308TH DIVISION.
14,COMMUNITY:14,1,NARRATIVE:1,ABDULLAH ABID; ABD AL-MAJID KUBAAR; ALBANIAN COUNCIL OF MINISTERS; AMBASSADOR CAFFREY,150,ABDULLAH ABID; ABD AL-MAJID KUBAAR; ALBANIAN COUNCIL OF MINISTERS; AMBASSADOR CAFFREY; AMBASSADOR DONOVAN; AMBASSADOR YOUNG; AMERICAN CHARGE; AMERICAN GUARDS; AMERICAN MINISTER; AMERICAN-OWNED COPPER COMPANIES; ANACONDA; AUSTRIAN MINISTER OF INTERIOR HELMER; AVERKY ARISTOV; BECHIR BEY SAADAWI; BENGHAZI,35TH ARMY; 7TH GUARDS MECHANIZED DIVISION; ABDOLLAH ENTEZAM; ABDULLAH GOVERNMENT; 11-MEMBER EXECUTIVE COUNCIL,15,This group connects 15 communities around: 35TH ARMY; 7TH GUARDS MECHANIZED DIVISION; ABDOLLAH ENTEZAM; ABDULLAH GOVERNMENT; 11-MEMBER EXECUTIVE COUNCIL; 12-NATION COMMISSION; 21ST OF SEPTEMBER MOVEMENT; 308TH DIVISION.
15,COMMUNITY:15,1,NARRATIVE:1,ABDALLAH IBRAHIM; ABDELKHALEK TORRES; ABDEL BEN DRISS; ABDERRAHIM BOUABID,125,ABDALLAH IBRAHIM; ABDELKHALEK TORRES; ABDEL BEN DRISS; ABDERRAHIM BOUABID; ABDERRAHMAN YOUSSEFI; ABDOL HOSSEIN HEJAZI; AGADIR PROVINCE; AHMED BALAFREJ; ALLAL EL-FASSI; ALLIED REPRESENTATIVES; AMERICAN AIR FORCE; AS SABAH; AT TAHRIR; AZIZOLLAH KAMAL; BANK OF INDONESIA,35TH ARMY; 7TH GUARDS MECHANIZED DIVISION; ABDOLLAH ENTEZAM; ABDULLAH GOVERNMENT; 11-MEMBER EXECUTIVE COUNCIL,15,This group connects 15 communities around: 35TH ARMY; 7TH GUARDS MECHANIZED DIVISION; ABDOLLAH ENTEZAM; ABDULLAH GOVERNMENT; 11-MEMBER EXECUTIVE COUNCIL; 12-NATION COMMISSION; 21ST OF SEPTEMBER MOVEMENT; 308TH DIVISION.
23,COMMUNITY:23,2,NARRATIVE:2,DUTCH WARSHIPS; KIM CHUNG-YOL; KWON SUNG-YOL; SUKARNO GOVERNMENT,7,DUTCH WARSHIPS; KIM CHUNG-YOL; KWON SUNG-YOL; SUKARNO GOVERNMENT; WEST IRIAN LIBERATION FRONT; YI HO; Warning of violence | An official warned that violence could occur if Dutch warships entered Indonesian waters. | Violence | 1960-04-23,DUTCH WARSHIPS; KIM CHUNG-YOL; KWON SUNG-YOL; SUKARNO GOVERNMENT,1,This group connects 1 communities around: DUTCH WARSHIPS; KIM CHUNG-YOL; KWON SUNG-YOL; SUKARNO GOVERNMENT.
24,COMMUNITY:24,3,NARRATIVE:3,ANNA SEGHERS; ARNOLD ZWEIG; DEPUTY PRIME MINISTER RAU; GERHARD EISLER,7,ANNA SEGHERS; ARNOLD ZWEIG; DEPUTY PRIME MINISTER RAU; GERHARD EISLER; PAUL MERKER; WILLI KREIKEMEYER; Purge trial of East German Reds | Preparations may be under way to try a number of once prominent Communists in East Germany. | Other,ANNA SEGHERS; ARNOLD ZWEIG; DEPUTY PRIME MINISTER RAU; GERHARD EISLER,1,This group connects 1 communities around: ANNA SEGHERS; ARNOLD ZWEIG; DEPUTY PRIME MINISTER RAU; GERHARD EISLER.
29,COMMUNITY:29,4,NARRATIVE:4,BULGARIAN SECURITY POLICE; CHINESE CONSUL GENERAL IN SAIGON; CHINESE NATIONALIST FOREIGN OFFICE; US MILITARY MISSION TO THE IRANIAN ARMY,6,BULGARIAN SECURITY POLICE; CHINESE CONSUL GENERAL IN SAIGON; CHINESE NATIONALIST FOREIGN OFFICE; US MILITARY MISSION TO THE IRANIAN ARMY; US MINISTER IN SAIGON; Anti-US Tudeh demonstrations | Several thousand persons held a demonstration in front of the US Embassy demanding peace and the cessation of US aggression in Ko,BULGARIAN SECURITY POLICE; CHINESE CONSUL GENERAL IN SAIGON; CHINESE NATIONALIST FOREIGN OFFICE; US MILITARY MISSION TO THE IRANIAN ARMY,1,This group connects 1 communities around: BULGARIAN SECURITY POLICE; CHINESE CONSUL GENERAL IN SAIGON; CHINESE NATIONALIST FOREIGN OFFICE; US MILITARY MISSION TO THE IRANIAN ARMY.
36,COMMUNITY:36,5,NARRATIVE:5,AMSTERDAM; BREMEN; DUTCH COMMUNIST-CONTROLLED DOCKERS UNION; HAMBURG,6,AMSTERDAM; BREMEN; DUTCH COMMUNIST-CONTROLLED DOCKERS UNION; HAMBURG; ROTTERDAM; Wildcat strikes in German ports | Communist-instigated strikes in key North German ports. | Demonstration,AMSTERDAM; BREMEN; DUTCH COMMUNIST-CONTROLLED DOCKERS UNION; HAMBURG,1,This group connects 1 communities around: AMSTERDAM; BREMEN; DUTCH COMMUNIST-CONTROLLED DOCKERS UNION; HAMBURG.
38,COMMUNITY:38,6,NARRATIVE:6,COLONEL HASSAN PAKRAVAN; EXTREMIST PARTIES; GENERAL ALI KIA; GENERAL MOHAMMAD TAGHI MAJIDI,5,COLONEL HASSAN PAKRAVAN; EXTREMIST PARTIES; GENERAL ALI KIA; GENERAL MOHAMMAD TAGHI MAJIDI; Demonstrations in Baghdad | Leftist parties preparing student strikes to protest against Iraqi adherence to the Turkish-Pakistani agreement. | Demonstration | 1,COLONEL HASSAN PAKRAVAN; EXTREMIST PARTIES; GENERAL ALI KIA; GENERAL MOHAMMAD TAGHI MAJIDI,1,This group connects 1 communities around: COLONEL HASSAN PAKRAVAN; EXTREMIST PARTIES; GENERAL ALI KIA; GENERAL MOHAMMAD TAGHI MAJIDI.
40,COMMUNITY:40,7,NARRATIVE:7,BANAT YAQUB BRIDGE; SYRIAN DELEGATION; UAR ARMY COMMANDER IN CHIEF AMIR; UN UNDER-SECRETARY BUNCHE,5,BANAT YAQUB BRIDGE; SYRIAN DELEGATION; UAR ARMY COMMANDER IN CHIEF AMIR; UN UNDER-SECRETARY BUNCHE; Request for MAC meeting | The UAR Army Commander ordered the Syrian delegation to request a meeting of the MAC. | Meeting,BANAT YAQUB BRIDGE; SYRIAN DELEGATION; UAR ARMY COMMANDER IN CHIEF AMIR; UN UNDER-SECRETARY BUNCHE,1,This group connects 1 communities around: BANAT YAQUB BRIDGE; SYRIAN DELEGATION; UAR ARMY COMMANDER IN CHIEF AMIR; UN UNDER-SECRETARY BUNCHE.
47,COMMUNITY:47,8,NARRATIVE:8,CHINESE COMMUNIST 9TH ARMY GROUP; CHU CHIA-PI; POLISH INTERNAL SECURITY POLICE; POLISH PARTISANS,5,CHINESE COMMUNIST 9TH ARMY GROUP; CHU CHIA-PI; POLISH INTERNAL SECURITY POLICE; POLISH PARTISANS; Polish partisans attack | Polish partisans attacking Soviet installations and personnel. | Violence | 1951-03-18,CHINESE COMMUNIST 9TH ARMY GROUP; CHU CHIA-PI; POLISH INTERNAL SECURITY POLICE; POLISH PARTISANS,1,This group connects 1 communities around: CHINESE COMMUNIST 9TH ARMY GROUP; CHU CHIA-PI; POLISH INTERNAL SECURITY POLICE; POLISH PARTISANS.
49,COMMUNITY:49,9,NARRATIVE:9,ALGERIAN PROBLEM; CFTC; CGT; RAILROAD FEDERATIONS,5,"ALGERIAN PROBLEM; CFTC; CGT; RAILROAD FEDERATIONS; mass strike demonstration | a scheduled mass strike demonstration by CGT addressing the Algerian problem and economic issues | Demonstration | October 17, 1957",ALGERIAN PROBLEM; CFTC; CGT; RAILROAD FEDERATIONS,1,This group connects 1 communities around: ALGERIAN PROBLEM; CFTC; CGT; RAILROAD FEDERATIONS.
51,COMMUNITY:51,10,NARRATIVE:10,"KOMSOMOL; LENIN LIBRARY; TRANSYLVANIAN AREA; Lecture on international events | A lecture where the speaker refused to discuss Hungary, leading to audience unrest. | Speech",5,"KOMSOMOL; LENIN LIBRARY; TRANSYLVANIAN AREA; Lecture on international events | A lecture where the speaker refused to discuss Hungary, leading to audience unrest. | Speech; Public hostility in Rumania | Increased public hostility against the regime leading to press campaigns and arrests. | Demonstration","KOMSOMOL; LENIN LIBRARY; TRANSYLVANIAN AREA; Lecture on international events | A lecture where the speaker refused to discuss Hungary, leading to audience unrest. | Speech",1,"This group connects 1 communities around: KOMSOMOL; LENIN LIBRARY; TRANSYLVANIAN AREA; Lecture on international events | A lecture where the speaker refused to discuss Hungary, leading to audience unrest. | Speech."
52,COMMUNITY:52,11,NARRATIVE:11,CIVIL DEFENSE BILL; ITALIAN AIR FORCE; ITALIAN ARMY; ITALIAN NAVY,4,CIVIL DEFENSE BILL; ITALIAN AIR FORCE; ITALIAN ARMY; ITALIAN NAVY,CIVIL DEFENSE BILL; ITALIAN AIR FORCE; ITALIAN ARMY; ITALIAN NAVY,1,This group connects 1 communities around: CIVIL DEFENSE BILL; ITALIAN AIR FORCE; ITALIAN ARMY; ITALIAN NAVY.
55,COMMUNITY:55,12,NARRATIVE:12,AMBASSADOR REISCHAUER; AYUB REGIME; FINANCE MINISTER MIZUTA; Negotiations on postwar aid | Japan is preparing to negotiate its obligations for postwar aid repayment. | Negotiation | mid-April 1961,4,AMBASSADOR REISCHAUER; AYUB REGIME; FINANCE MINISTER MIZUTA; Negotiations on postwar aid | Japan is preparing to negotiate its obligations for postwar aid repayment. | Negotiation | mid-April 1961,AMBASSADOR REISCHAUER; AYUB REGIME; FINANCE MINISTER MIZUTA; Negotiations on postwar aid | Japan is preparing to negotiate its obligations for postwar aid repayment. | Negotiation | mid-April 1961,1,This group connects 1 communities around: AMBASSADOR REISCHAUER; AYUB REGIME; FINANCE MINISTER MIZUTA; Negotiations on postwar aid | Japan is preparing to negotiate its obligations for postwar aid repayment. | Negotiation | mid-April 1961.
56,COMMUNITY:56,13,NARRATIVE:13,BOTI; CUBAN ECONOMY; FRESQUET; PAZOS,4,BOTI; CUBAN ECONOMY; FRESQUET; PAZOS,BOTI; CUBAN ECONOMY; FRESQUET; PAZOS,1,This group connects 1 communities around: BOTI; CUBAN ECONOMY; FRESQUET; PAZOS.
57,COMMUNITY:57,14,NARRATIVE:14,HSINCHU AIRFIELD; PENG MENG-CHI; Resupply Flight | Resupply flights from Hsinchu airfield to the border area. | MilitaryAction | 1960-01-01; Visit to Thailand | Visit of Peng Meng-chi to Thailand where airfield use was requested. | Travel | 1960-01-01,4,HSINCHU AIRFIELD; PENG MENG-CHI; Resupply Flight | Resupply flights from Hsinchu airfield to the border area. | MilitaryAction | 1960-01-01; Visit to Thailand | Visit of Peng Meng-chi to Thailand where airfield use was requested. | Travel | 1960-01-01,HSINCHU AIRFIELD; PENG MENG-CHI; Resupply Flight | Resupply flights from Hsinchu airfield to the border area. | MilitaryAction | 1960-01-01; Visit to Thailand | Visit of Peng Meng-chi to Thailand where airfield use was requested. | Travel | 1960-01-01,1,This group connects 1 communities around: HSINCHU AIRFIELD; PENG MENG-CHI; Resupply Flight | Resupply flights from Hsinchu airfield to the border area. | MilitaryAction | 1960-01-01; Visit to Thailand | Visit of Peng Meng-chi to Thailand where airfield use was requested. | Travel | 1960-01-01.
58,COMMUNITY:58,15,NARRATIVE:15,BRITISH AMBASSADOR TO EGYPT; EGYPTS CHIEF UN DELEGATE; Recommendation for Mediterranean command headquarters | The British Ambassador recommended that the headquarters of the proposed Allied command for the eastern; Effort to postpone UN action on Canal issue | Egyptian diplomats approached US officials to develop a new formula for settling the Suez Canal dispute and to pos,4,BRITISH AMBASSADOR TO EGYPT; EGYPTS CHIEF UN DELEGATE; Recommendation for Mediterranean command headquarters | The British Ambassador recommended that the headquarters of the proposed Allied command for the eastern ; Effort to postpone UN action on Canal issue | Egyptian diplomats approached US officials to develop a new formula for settling the Suez Canal dispute and to pos,BRITISH AMBASSADOR TO EGYPT; EGYPTS CHIEF UN DELEGATE; Recommendation for Mediterranean command headquarters | The British Ambassador recommended that the headquarters of the proposed Allied command for the eastern; Effort to postpone UN action on Canal issue | Egyptian diplomats approached US officials to develop a new formula for settling the Suez Canal dispute and to pos,1,This group connects 1 communities around: BRITISH AMBASSADOR TO EGYPT; EGYPTS CHIEF UN DELEGATE; Recommendation for Mediterranean command headquarters | The British Ambassador recommended that the headquarters of the proposed Allied command for the eastern; Effort to postpone UN action on Canal issue | Egyptian diplomats approached US officials to develop a new formula for settling the Suez Canal dispute and to pos.
59,COMMUNITY:59,16,NARRATIVE:16,ISRAELI BORDER SETTLEMENTS; SYRIAN ENGINEER OFFICER; Model Settlement Preparation | Egyptian army engineers prepared a model settlement for training. | Other | 1956-09-23; MODEL SETTLEMENT,4,ISRAELI BORDER SETTLEMENTS; SYRIAN ENGINEER OFFICER; Model Settlement Preparation | Egyptian army engineers prepared a model settlement for training. | Other | 1956-09-23; MODEL SETTLEMENT,ISRAELI BORDER SETTLEMENTS; SYRIAN ENGINEER OFFICER; Model Settlement Preparation | Egyptian army engineers prepared a model settlement for training. | Other | 1956-09-23; MODEL SETTLEMENT,1,This group connects 1 communities around: ISRAELI BORDER SETTLEMENTS; SYRIAN ENGINEER OFFICER; Model Settlement Preparation | Egyptian army engineers prepared a model settlement for training. | Other | 1956-09-23; MODEL SETTLEMENT.
61,COMMUNITY:61,17,NARRATIVE:17,BRITISH PRESS; BRITISH UN REPRESENTATIVES; Request for American views | British UN representatives requested American views on a proposed weakening of the Assembly resolution. | Communication | 1953-09-0; Public attitude reflection | The British press reflected a dominant public attitude regarding the admission of Communist China to the UN. | Speech | 1953-09-04,4,BRITISH PRESS; BRITISH UN REPRESENTATIVES; Request for American views | British UN representatives requested American views on a proposed weakening of the Assembly resolution. | Communication | 1953-09-0; Public attitude reflection | The British press reflected a dominant public attitude regarding the admission of Communist China to the UN. | Speech | 1953-09-04,BRITISH PRESS; BRITISH UN REPRESENTATIVES; Request for American views | British UN representatives requested American views on a proposed weakening of the Assembly resolution. | Communication | 1953-09-0; Public attitude reflection | The British press reflected a dominant public attitude regarding the admission of Communist China to the UN. | Speech | 1953-09-04,1,This group connects 1 communities around: BRITISH PRESS; BRITISH UN REPRESENTATIVES; Request for American views | British UN representatives requested American views on a proposed weakening of the Assembly resolution. | Communication | 1953-09-0; Public attitude reflection | The British press reflected a dominant public attitude regarding the admission of Communist China to the UN. | Speech | 1953-09-04.
63,COMMUNITY:63,18,NARRATIVE:18,JAPANESE NATIONALIST GOVERNMENT; PEIPING RAILWAY BUREAU; British opposition to Japanese treaty negotiations | The British Mission Chief in Tokyo requested information on Japanese intentions regarding a treaty with the; Closure of Manchurian railways | Peiping authorities suspended passenger and commercial freight service on most of the Manchurian rail network due to military t,4,JAPANESE NATIONALIST GOVERNMENT; PEIPING RAILWAY BUREAU; British opposition to Japanese treaty negotiations | The British Mission Chief in Tokyo requested information on Japanese intentions regarding a treaty with the; Closure of Manchurian railways | Peiping authorities suspended passenger and commercial freight service on most of the Manchurian rail network due to military t,JAPANESE NATIONALIST GOVERNMENT; PEIPING RAILWAY BUREAU; British opposition to Japanese treaty negotiations | The British Mission Chief in Tokyo requested information on Japanese intentions regarding a treaty with the; Closure of Manchurian railways | Peiping authorities suspended passenger and commercial freight service on most of the Manchurian rail network due to military t,1,This group connects 1 communities around: JAPANESE NATIONALIST GOVERNMENT; PEIPING RAILWAY BUREAU; British opposition to Japanese treaty negotiations | The British Mission Chief in Tokyo requested information on Japanese intentions regarding a treaty with the; Closure of Manchurian railways | Peiping authorities suspended passenger and commercial freight service on most of the Manchurian rail network due to military t.
68,COMMUNITY:68,19,NARRATIVE:19,"SOVIET MILITARY ADMINISTRATION; WESTERN GERMANY; Cancellation of Orders | The USSR Council of Ministers canceled all orders and instructions on political, economic and cultural affairs in East Germany. | Polic",3,"SOVIET MILITARY ADMINISTRATION; WESTERN GERMANY; Cancellation of Orders | The USSR Council of Ministers canceled all orders and instructions on political, economic and cultural affairs in East Germany. | Polic","SOVIET MILITARY ADMINISTRATION; WESTERN GERMANY; Cancellation of Orders | The USSR Council of Ministers canceled all orders and instructions on political, economic and cultural affairs in East Germany. | Polic",1,"This group connects 1 communities around: SOVIET MILITARY ADMINISTRATION; WESTERN GERMANY; Cancellation of Orders | The USSR Council of Ministers canceled all orders and instructions on political, economic and cultural affairs in East Germany. | Polic."
70,COMMUNITY:70,20,NARRATIVE:20,JORDANIAN ARMED FORCES; SYRIAN BORDER; TURKISH AIR FORCE,3,JORDANIAN ARMED FORCES; SYRIAN BORDER; TURKISH AIR FORCE,JORDANIAN ARMED FORCES; SYRIAN BORDER; TURKISH AIR FORCE,1,This group connects 1 communities around: JORDANIAN ARMED FORCES; SYRIAN BORDER; TURKISH AIR FORCE.
71,COMMUNITY:71,21,NARRATIVE:21,CHITOSE AIR FORCE BASE; IWAKUNI NAVAL AIR STATION; Soviet Fighter Attack | A US reconnaissance aircraft was attacked by Soviet aircraft while over international waters. | Violence | 1957-05-02,3,CHITOSE AIR FORCE BASE; IWAKUNI NAVAL AIR STATION; Soviet Fighter Attack | A US reconnaissance aircraft was attacked by Soviet aircraft while over international waters. | Violence | 1957-05-02,CHITOSE AIR FORCE BASE; IWAKUNI NAVAL AIR STATION; Soviet Fighter Attack | A US reconnaissance aircraft was attacked by Soviet aircraft while over international waters. | Violence | 1957-05-02,1,This group connects 1 communities around: CHITOSE AIR FORCE BASE; IWAKUNI NAVAL AIR STATION; Soviet Fighter Attack | A US reconnaissance aircraft was attacked by Soviet aircraft while over international waters. | Violence | 1957-05-02.
72,COMMUNITY:72,22,NARRATIVE:22,BRITISH HIGH COMMISSIONERS; FRENCH HIGH COMMISSIONERS; SOVIET EFFORT,3,BRITISH HIGH COMMISSIONERS; FRENCH HIGH COMMISSIONERS; SOVIET EFFORT,BRITISH HIGH COMMISSIONERS; FRENCH HIGH COMMISSIONERS; SOVIET EFFORT,1,This group connects 1 communities around: BRITISH HIGH COMMISSIONERS; FRENCH HIGH COMMISSIONERS; SOVIET EFFORT.
73,COMMUNITY:73,23,NARRATIVE:23,SAUDI ARABIAN DEPUTY DEFENSE MINISTER; Transfer of POWs | Chou En-lai seeks transfer of POWs from American to 'neutral' control. | Negotiation | 1952-11-14; Arms Preference Statement | Saudi Arabian Deputy Defense Minister favors European arms over American arms. | PolicyAction | 1952-11-14,3,SAUDI ARABIAN DEPUTY DEFENSE MINISTER; Transfer of POWs | Chou En-lai seeks transfer of POWs from American to 'neutral' control. | Negotiation | 1952-11-14; Arms Preference Statement | Saudi Arabian Deputy Defense Minister favors European arms over American arms. | PolicyAction | 1952-11-14,SAUDI ARABIAN DEPUTY DEFENSE MINISTER; Transfer of POWs | Chou En-lai seeks transfer of POWs from American to 'neutral' control. | Negotiation | 1952-11-14; Arms Preference Statement | Saudi Arabian Deputy Defense Minister favors European arms over American arms. | PolicyAction | 1952-11-14,1,This group connects 1 communities around: SAUDI ARABIAN DEPUTY DEFENSE MINISTER; Transfer of POWs | Chou En-lai seeks transfer of POWs from American to 'neutral' control. | Negotiation | 1952-11-14; Arms Preference Statement | Saudi Arabian Deputy Defense Minister favors European arms over American arms. | PolicyAction | 1952-11-14.
74,COMMUNITY:74,24,NARRATIVE:24,"BRITISH MILITARY ADVISER; SUBAH FAMILY; Alert of Iraqi forces | Iraqi tank units and divisional security units were alerted due to tensions. | MilitaryAction | April 4, 1959",3,"BRITISH MILITARY ADVISER; SUBAH FAMILY; Alert of Iraqi forces | Iraqi tank units and divisional security units were alerted due to tensions. | MilitaryAction | April 4, 1959","BRITISH MILITARY ADVISER; SUBAH FAMILY; Alert of Iraqi forces | Iraqi tank units and divisional security units were alerted due to tensions. | MilitaryAction | April 4, 1959",1,"This group connects 1 communities around: BRITISH MILITARY ADVISER; SUBAH FAMILY; Alert of Iraqi forces | Iraqi tank units and divisional security units were alerted due to tensions. | MilitaryAction | April 4, 1959."
75,COMMUNITY:75,25,NARRATIVE:25,BERLIN FESTIVAL; COMMITTEE FOR WORLD YOUTH FRIENDSHIP AND CULTURAL EXCHANGE; Berlin Festival Participation | American participation organized by the Committee for World Youth Friendship and Cultural Exchange. | Other,3,BERLIN FESTIVAL; COMMITTEE FOR WORLD YOUTH FRIENDSHIP AND CULTURAL EXCHANGE; Berlin Festival Participation | American participation organized by the Committee for World Youth Friendship and Cultural Exchange. | Other,BERLIN FESTIVAL; COMMITTEE FOR WORLD YOUTH FRIENDSHIP AND CULTURAL EXCHANGE; Berlin Festival Participation | American participation organized by the Committee for World Youth Friendship and Cultural Exchange. | Other,1,This group connects 1 communities around: BERLIN FESTIVAL; COMMITTEE FOR WORLD YOUTH FRIENDSHIP AND CULTURAL EXCHANGE; Berlin Festival Participation | American participation organized by the Committee for World Youth Friendship and Cultural Exchange. | Other.
77,COMMUNITY:77,26,NARRATIVE:26,CHINESE-KOREAN HEADQUARTERS; NORTH KOREAN GENERAL HEADQUARTERS; Soviet tactical units movement | Soviet infantry and artillery units moved south of the Chongchon river in northwestern Korea. | MilitaryAction | 1952-05,3,CHINESE-KOREAN HEADQUARTERS; NORTH KOREAN GENERAL HEADQUARTERS; Soviet tactical units movement | Soviet infantry and artillery units moved south of the Chongchon river in northwestern Korea. | MilitaryAction | 1952-05,CHINESE-KOREAN HEADQUARTERS; NORTH KOREAN GENERAL HEADQUARTERS; Soviet tactical units movement | Soviet infantry and artillery units moved south of the Chongchon river in northwestern Korea. | MilitaryAction | 1952-05,1,This group connects 1 communities around: CHINESE-KOREAN HEADQUARTERS; NORTH KOREAN GENERAL HEADQUARTERS; Soviet tactical units movement | Soviet infantry and artillery units moved south of the Chongchon river in northwestern Korea. | MilitaryAction | 1952-05.
79,COMMUNITY:79,27,NARRATIVE:27,ECONOMY MINISTER KUBBA; HEALTH MINISTER SHAWWAF; COMMUNIST PARTY DEMANDS,3,ECONOMY MINISTER KUBBA; HEALTH MINISTER SHAWWAF; COMMUNIST PARTY DEMANDS,ECONOMY MINISTER KUBBA; HEALTH MINISTER SHAWWAF; COMMUNIST PARTY DEMANDS,1,This group connects 1 communities around: ECONOMY MINISTER KUBBA; HEALTH MINISTER SHAWWAF; COMMUNIST PARTY DEMANDS.
80,COMMUNITY:80,28,NARRATIVE:28,HUNGARIAN ALUMINUM; RHEE AGENTS; Chinese concession on POWs | Discussion of proposals for solving the prisoner-of-war question | Negotiation | 1952-06-15,3,HUNGARIAN ALUMINUM; RHEE AGENTS; Chinese concession on POWs | Discussion of proposals for solving the prisoner-of-war question | Negotiation | 1952-06-15,HUNGARIAN ALUMINUM; RHEE AGENTS; Chinese concession on POWs | Discussion of proposals for solving the prisoner-of-war question | Negotiation | 1952-06-15,1,This group connects 1 communities around: HUNGARIAN ALUMINUM; RHEE AGENTS; Chinese concession on POWs | Discussion of proposals for solving the prisoner-of-war question | Negotiation | 1952-06-15.
82,COMMUNITY:82,29,NARRATIVE:29,COMET; DINO GENTILI; Replacement of Soviet Mission Chief | Japan consents to the USSR's request to replace the chief of its unrecognized mission. | Negotiation | 1956-05-04,3,COMET; DINO GENTILI; Replacement of Soviet Mission Chief | Japan consents to the USSR's request to replace the chief of its unrecognized mission. | Negotiation | 1956-05-04,COMET; DINO GENTILI; Replacement of Soviet Mission Chief | Japan consents to the USSR's request to replace the chief of its unrecognized mission. | Negotiation | 1956-05-04,1,This group connects 1 communities around: COMET; DINO GENTILI; Replacement of Soviet Mission Chief | Japan consents to the USSR's request to replace the chief of its unrecognized mission. | Negotiation | 1956-05-04.
83,COMMUNITY:83,30,NARRATIVE:30,ARCHBISHOP WYSZYNSKI; CARDINAL SAPIEHA; POLISH CATHOLIC CHURCH,3,ARCHBISHOP WYSZYNSKI; CARDINAL SAPIEHA; POLISH CATHOLIC CHURCH,ARCHBISHOP WYSZYNSKI; CARDINAL SAPIEHA; POLISH CATHOLIC CHURCH,1,This group connects 1 communities around: ARCHBISHOP WYSZYNSKI; CARDINAL SAPIEHA; POLISH CATHOLIC CHURCH.
85,COMMUNITY:85,31,NARRATIVE:31,"ARABS LIVING IN ISRAEL; LEBANESE FRONTIER; Possible operations within Israel | Reported operations involving 35 men, including village chiefs. | MilitaryAction",3,"ARABS LIVING IN ISRAEL; LEBANESE FRONTIER; Possible operations within Israel | Reported operations involving 35 men, including village chiefs. | MilitaryAction","ARABS LIVING IN ISRAEL; LEBANESE FRONTIER; Possible operations within Israel | Reported operations involving 35 men, including village chiefs. | MilitaryAction",1,"This group connects 1 communities around: ARABS LIVING IN ISRAEL; LEBANESE FRONTIER; Possible operations within Israel | Reported operations involving 35 men, including village chiefs. | MilitaryAction."
86,COMMUNITY:86,32,NARRATIVE:32,ANGLO-EGYPTIAN NEGOTIATIONS; JAPANESE DEFENSE OFFICIALS; Anglo-Egyptian negotiations | Informal talks suspended due to disagreements over British technicians' uniforms. | Negotiation | 23 September 1953,3,ANGLO-EGYPTIAN NEGOTIATIONS; JAPANESE DEFENSE OFFICIALS; Anglo-Egyptian negotiations | Informal talks suspended due to disagreements over British technicians' uniforms. | Negotiation | 23 September 1953,ANGLO-EGYPTIAN NEGOTIATIONS; JAPANESE DEFENSE OFFICIALS; Anglo-Egyptian negotiations | Informal talks suspended due to disagreements over British technicians' uniforms. | Negotiation | 23 September 1953,1,This group connects 1 communities around: ANGLO-EGYPTIAN NEGOTIATIONS; JAPANESE DEFENSE OFFICIALS; Anglo-Egyptian negotiations | Informal talks suspended due to disagreements over British technicians' uniforms. | Negotiation | 23 September 1953.
87,COMMUNITY:87,33,NARRATIVE:33,"GUEVARA GROUP; MANCHENO; Student and Laborer Parade | A parade of students, laborers, and leftist political parties that turned violent. | Demonstration | 1951-03-31",3,"GUEVARA GROUP; MANCHENO; Student and Laborer Parade | A parade of students, laborers, and leftist political parties that turned violent. | Demonstration | 1951-03-31","GUEVARA GROUP; MANCHENO; Student and Laborer Parade | A parade of students, laborers, and leftist political parties that turned violent. | Demonstration | 1951-03-31",1,"This group connects 1 communities around: GUEVARA GROUP; MANCHENO; Student and Laborer Parade | A parade of students, laborers, and leftist political parties that turned violent. | Demonstration | 1951-03-31."
88,COMMUNITY:88,34,NARRATIVE:34,LEBANESE EMBASSY; SOVIET-IRANIAN FISHERIES; Pressure against Iranian nationalization | Soviet official directed the discharge of Iranian employees discussing nationalization. | PolicyAction | October,3,LEBANESE EMBASSY; SOVIET-IRANIAN FISHERIES; Pressure against Iranian nationalization | Soviet official directed the discharge of Iranian employees discussing nationalization. | PolicyAction | October,LEBANESE EMBASSY; SOVIET-IRANIAN FISHERIES; Pressure against Iranian nationalization | Soviet official directed the discharge of Iranian employees discussing nationalization. | PolicyAction | October,1,This group connects 1 communities around: LEBANESE EMBASSY; SOVIET-IRANIAN FISHERIES; Pressure against Iranian nationalization | Soviet official directed the discharge of Iranian employees discussing nationalization. | PolicyAction | October.
89,COMMUNITY:89,35,NARRATIVE:35,INTRANSIGENT RADICAL CIVIC UNION; PEOPLES RADICAL CIVIC UNION; Economic reorganization in China | New regulations issued to decentralize industry and manage labor force. | PolicyAction,3,INTRANSIGENT RADICAL CIVIC UNION; PEOPLES RADICAL CIVIC UNION; Economic reorganization in China | New regulations issued to decentralize industry and manage labor force. | PolicyAction,INTRANSIGENT RADICAL CIVIC UNION; PEOPLES RADICAL CIVIC UNION; Economic reorganization in China | New regulations issued to decentralize industry and manage labor force. | PolicyAction,1,This group connects 1 communities around: INTRANSIGENT RADICAL CIVIC UNION; PEOPLES RADICAL CIVIC UNION; Economic reorganization in China | New regulations issued to decentralize industry and manage labor force. | PolicyAction.
91,COMMUNITY:91,36,NARRATIVE:36,NORTH KOREAN COMMUNIST LEADERSHIP; SOUTH KOREAN LABOR PARTY; Bilateral talks suggestion | The Soviet ambassador suggested bilateral talks with France regarding the German problem. | Communication | 1953-07-31 to 1953-08-0,3,NORTH KOREAN COMMUNIST LEADERSHIP; SOUTH KOREAN LABOR PARTY; Bilateral talks suggestion | The Soviet ambassador suggested bilateral talks with France regarding the German problem. | Communication | 1953-07-31 to 1953-08-0,NORTH KOREAN COMMUNIST LEADERSHIP; SOUTH KOREAN LABOR PARTY; Bilateral talks suggestion | The Soviet ambassador suggested bilateral talks with France regarding the German problem. | Communication | 1953-07-31 to 1953-08-0,1,This group connects 1 communities around: NORTH KOREAN COMMUNIST LEADERSHIP; SOUTH KOREAN LABOR PARTY; Bilateral talks suggestion | The Soviet ambassador suggested bilateral talks with France regarding the German problem. | Communication | 1953-07-31 to 1953-08-0.
92,COMMUNITY:92,37,NARRATIVE:37,LIEUTENANT COLONEL TASWIN; PHILIPPINE FOREIGN MINISTRY; Request for Information | The Philippine Foreign Ministry requested up-to-date reports on the status of U.S. armed forces or bases. | Communication,3,LIEUTENANT COLONEL TASWIN; PHILIPPINE FOREIGN MINISTRY; Request for Information | The Philippine Foreign Ministry requested up-to-date reports on the status of U.S. armed forces or bases. | Communication,LIEUTENANT COLONEL TASWIN; PHILIPPINE FOREIGN MINISTRY; Request for Information | The Philippine Foreign Ministry requested up-to-date reports on the status of U.S. armed forces or bases. | Communication,1,This group connects 1 communities around: LIEUTENANT COLONEL TASWIN; PHILIPPINE FOREIGN MINISTRY; Request for Information | The Philippine Foreign Ministry requested up-to-date reports on the status of U.S. armed forces or bases. | Communication.
94,COMMUNITY:94,38,NARRATIVE:38,DEFENSE SECRETARY GOSNJAK; YUGOSLAV PARLIAMENT,2,DEFENSE SECRETARY GOSNJAK; YUGOSLAV PARLIAMENT,DEFENSE SECRETARY GOSNJAK; YUGOSLAV PARLIAMENT,1,This group connects 1 communities around: DEFENSE SECRETARY GOSNJAK; YUGOSLAV PARLIAMENT.
95,COMMUNITY:95,39,NARRATIVE:39,NATIONAL YOUTH CORPS; TAIPEI RIOTS,2,NATIONAL YOUTH CORPS; TAIPEI RIOTS,NATIONAL YOUTH CORPS; TAIPEI RIOTS,1,This group connects 1 communities around: NATIONAL YOUTH CORPS; TAIPEI RIOTS.
96,COMMUNITY:96,40,NARRATIVE:40,DEAN RUSK; TOKYO CONFERENCE,2,DEAN RUSK; TOKYO CONFERENCE,DEAN RUSK; TOKYO CONFERENCE,1,This group connects 1 communities around: DEAN RUSK; TOKYO CONFERENCE.
97,COMMUNITY:97,41,NARRATIVE:41,LIBYANS; LIBYAN COUNCIL OF MINISTERS,2,LIBYANS; LIBYAN COUNCIL OF MINISTERS,LIBYANS; LIBYAN COUNCIL OF MINISTERS,1,This group connects 1 communities around: LIBYANS; LIBYAN COUNCIL OF MINISTERS.
98,COMMUNITY:98,42,NARRATIVE:42,INDONESIAN DIPLOMATS; RUSSIAN EMBASSY,2,INDONESIAN DIPLOMATS; RUSSIAN EMBASSY,INDONESIAN DIPLOMATS; RUSSIAN EMBASSY,1,This group connects 1 communities around: INDONESIAN DIPLOMATS; RUSSIAN EMBASSY.
99,COMMUNITY:99,43,NARRATIVE:43,GENERAL GOES MONTEIRO; US AMBASSADOR JOHNSON,2,GENERAL GOES MONTEIRO; US AMBASSADOR JOHNSON,GENERAL GOES MONTEIRO; US AMBASSADOR JOHNSON,1,This group connects 1 communities around: GENERAL GOES MONTEIRO; US AMBASSADOR JOHNSON.
100,COMMUNITY:100,44,NARRATIVE:44,LAOTIAN PEOPLES LIBERATION ARMY; LAOS INVASION,2,LAOTIAN PEOPLES LIBERATION ARMY; LAOS INVASION,LAOTIAN PEOPLES LIBERATION ARMY; LAOS INVASION,1,This group connects 1 communities around: LAOTIAN PEOPLES LIBERATION ARMY; LAOS INVASION.
101,COMMUNITY:101,45,NARRATIVE:45,VLADIMIR USTINOV; YEKATERINA FURTSEVA,2,VLADIMIR USTINOV; YEKATERINA FURTSEVA,VLADIMIR USTINOV; YEKATERINA FURTSEVA,1,This group connects 1 communities around: VLADIMIR USTINOV; YEKATERINA FURTSEVA.
102,COMMUNITY:102,46,NARRATIVE:46,CHILEAN CABINET; LABOR MINISTER FONCEA,2,CHILEAN CABINET; LABOR MINISTER FONCEA,CHILEAN CABINET; LABOR MINISTER FONCEA,1,This group connects 1 communities around: CHILEAN CABINET; LABOR MINISTER FONCEA.
103,COMMUNITY:103,47,NARRATIVE:47,CONFEDERATION OF ECUADORAN WORKERS (CTE); MANABI EXPLORATION COMPANY,2,CONFEDERATION OF ECUADORAN WORKERS (CTE); MANABI EXPLORATION COMPANY,CONFEDERATION OF ECUADORAN WORKERS (CTE); MANABI EXPLORATION COMPANY,1,This group connects 1 communities around: CONFEDERATION OF ECUADORAN WORKERS (CTE); MANABI EXPLORATION COMPANY.
104,COMMUNITY:104,48,NARRATIVE:48,EAST GERMAN MINISTRY OF TRANSPORT; Planning of post-ratification measures | East German Ministry of Transport conferred on propaganda activity and measures against West Berlin. | PolicyAction | 1,2,EAST GERMAN MINISTRY OF TRANSPORT; Planning of post-ratification measures | East German Ministry of Transport conferred on propaganda activity and measures against West Berlin. | PolicyAction | 1,EAST GERMAN MINISTRY OF TRANSPORT; Planning of post-ratification measures | East German Ministry of Transport conferred on propaganda activity and measures against West Berlin. | PolicyAction | 1,1,This group connects 1 communities around: EAST GERMAN MINISTRY OF TRANSPORT; Planning of post-ratification measures | East German Ministry of Transport conferred on propaganda activity and measures against West Berlin. | PolicyAction | 1.
105,COMMUNITY:105,49,NARRATIVE:49,DE GASPERI CABINET; EAST GERMAN SECURITY MINISTER,2,DE GASPERI CABINET; EAST GERMAN SECURITY MINISTER,DE GASPERI CABINET; EAST GERMAN SECURITY MINISTER,1,This group connects 1 communities around: DE GASPERI CABINET; EAST GERMAN SECURITY MINISTER.
106,COMMUNITY:106,50,NARRATIVE:50,ISRAELI TROOPS; UN OBSERVER HUTCHISON,2,ISRAELI TROOPS; UN OBSERVER HUTCHISON,ISRAELI TROOPS; UN OBSERVER HUTCHISON,1,This group connects 1 communities around: ISRAELI TROOPS; UN OBSERVER HUTCHISON.
107,COMMUNITY:107,51,NARRATIVE:51,EGYPTIAN GOVERNMENT-CONTROLLED NEWS AGENCY; LEBANESE OPPOSITION LEADER,2,EGYPTIAN GOVERNMENT-CONTROLLED NEWS AGENCY; LEBANESE OPPOSITION LEADER,EGYPTIAN GOVERNMENT-CONTROLLED NEWS AGENCY; LEBANESE OPPOSITION LEADER,1,This group connects 1 communities around: EGYPTIAN GOVERNMENT-CONTROLLED NEWS AGENCY; LEBANESE OPPOSITION LEADER.
108,COMMUNITY:108,52,NARRATIVE:52,MENAHIM BEGIN; Rally by Menahim Begin | Menahim Begin spoke about Israel's existence being in balance due to the Suez Canal dispute. | Speech | 1956-08-13,2,MENAHIM BEGIN; Rally by Menahim Begin | Menahim Begin spoke about Israel's existence being in balance due to the Suez Canal dispute. | Speech | 1956-08-13,MENAHIM BEGIN; Rally by Menahim Begin | Menahim Begin spoke about Israel's existence being in balance due to the Suez Canal dispute. | Speech | 1956-08-13,1,This group connects 1 communities around: MENAHIM BEGIN; Rally by Menahim Begin | Menahim Begin spoke about Israel's existence being in balance due to the Suez Canal dispute. | Speech | 1956-08-13.
109,COMMUNITY:109,53,NARRATIVE:53,IRKUTSK AUTOMOBILE ASSEMBLY PLANT; MINISTRY OF THE COMMUNICATIONS EQUIPMENT INDUSTRY,2,IRKUTSK AUTOMOBILE ASSEMBLY PLANT; MINISTRY OF THE COMMUNICATIONS EQUIPMENT INDUSTRY,IRKUTSK AUTOMOBILE ASSEMBLY PLANT; MINISTRY OF THE COMMUNICATIONS EQUIPMENT INDUSTRY,1,This group connects 1 communities around: IRKUTSK AUTOMOBILE ASSEMBLY PLANT; MINISTRY OF THE COMMUNICATIONS EQUIPMENT INDUSTRY.
110,COMMUNITY:110,54,NARRATIVE:54,PERON GOVERNMENT; diplomatic approaches | The Peron government made diplomatic approaches aimed at settling pending problems with the United States. | Communication | 1950-1951,2,PERON GOVERNMENT; diplomatic approaches | The Peron government made diplomatic approaches aimed at settling pending problems with the United States. | Communication | 1950-1951,PERON GOVERNMENT; diplomatic approaches | The Peron government made diplomatic approaches aimed at settling pending problems with the United States. | Communication | 1950-1951,1,This group connects 1 communities around: PERON GOVERNMENT; diplomatic approaches | The Peron government made diplomatic approaches aimed at settling pending problems with the United States. | Communication | 1950-1951.
111,COMMUNITY:111,55,NARRATIVE:55,PHAN VAN DONG; Viet Minh foreign minister's statement | Phan Van Dong voices lack of confidence in 'the East'. | Speech,2,PHAN VAN DONG; Viet Minh foreign minister's statement | Phan Van Dong voices lack of confidence in 'the East'. | Speech,PHAN VAN DONG; Viet Minh foreign minister's statement | Phan Van Dong voices lack of confidence in 'the East'. | Speech,1,This group connects 1 communities around: PHAN VAN DONG; Viet Minh foreign minister's statement | Phan Van Dong voices lack of confidence in 'the East'. | Speech.
112,COMMUNITY:112,56,NARRATIVE:56,PRESIDENT-DESIGNATE URDANETA; PRESIDENT GOMEZ,2,PRESIDENT-DESIGNATE URDANETA; PRESIDENT GOMEZ,PRESIDENT-DESIGNATE URDANETA; PRESIDENT GOMEZ,1,This group connects 1 communities around: PRESIDENT-DESIGNATE URDANETA; PRESIDENT GOMEZ.
113,COMMUNITY:113,57,NARRATIVE:57,RADIO BUDAPEST; Broadcast Appeals | Radio Budapest broadcasts appeals from leaders to end bloodshed. | Communication | 1956-10-25,2,RADIO BUDAPEST; Broadcast Appeals | Radio Budapest broadcasts appeals from leaders to end bloodshed. | Communication | 1956-10-25,RADIO BUDAPEST; Broadcast Appeals | Radio Budapest broadcasts appeals from leaders to end bloodshed. | Communication | 1956-10-25,1,This group connects 1 communities around: RADIO BUDAPEST; Broadcast Appeals | Radio Budapest broadcasts appeals from leaders to end bloodshed. | Communication | 1956-10-25.
114,COMMUNITY:114,58,NARRATIVE:58,SHAMMAR; YAZIDI,2,SHAMMAR; YAZIDI,SHAMMAR; YAZIDI,1,This group connects 1 communities around: SHAMMAR; YAZIDI.
115,COMMUNITY:115,59,NARRATIVE:59,POLISH ARMED FORCES; SOVIET MARSHAL ROKOSSOVSKY,2,POLISH ARMED FORCES; SOVIET MARSHAL ROKOSSOVSKY,POLISH ARMED FORCES; SOVIET MARSHAL ROKOSSOVSKY,1,This group connects 1 communities around: POLISH ARMED FORCES; SOVIET MARSHAL ROKOSSOVSKY.
116,COMMUNITY:116,60,NARRATIVE:60,TSHOMBES FORCES; UNION OF NEGRO LABORERS AND ARTISANS,2,TSHOMBES FORCES; UNION OF NEGRO LABORERS AND ARTISANS,TSHOMBES FORCES; UNION OF NEGRO LABORERS AND ARTISANS,1,This group connects 1 communities around: TSHOMBES FORCES; UNION OF NEGRO LABORERS AND ARTISANS.
117,COMMUNITY:117,61,NARRATIVE:61,CHEN SHAO-KUAN; Defection Appeals | Chen Shao-kuan advised military and administrative personnel in Taiwan to oppose US imperialism. | Communication | 1958-10-08,2,CHEN SHAO-KUAN; Defection Appeals | Chen Shao-kuan advised military and administrative personnel in Taiwan to oppose US imperialism. | Communication | 1958-10-08,CHEN SHAO-KUAN; Defection Appeals | Chen Shao-kuan advised military and administrative personnel in Taiwan to oppose US imperialism. | Communication | 1958-10-08,1,This group connects 1 communities around: CHEN SHAO-KUAN; Defection Appeals | Chen Shao-kuan advised military and administrative personnel in Taiwan to oppose US imperialism. | Communication | 1958-10-08.
118,COMMUNITY:118,62,NARRATIVE:62,"KOREAN UNEMPLOYED ASSOCIATION; Demonstration in Seoul | A demonstration by 2,000 members of the Korean Unemployed Association criticizing the government. | Demonstration | 23 March 1961",2,"KOREAN UNEMPLOYED ASSOCIATION; Demonstration in Seoul | A demonstration by 2,000 members of the Korean Unemployed Association criticizing the government. | Demonstration | 23 March 1961","KOREAN UNEMPLOYED ASSOCIATION; Demonstration in Seoul | A demonstration by 2,000 members of the Korean Unemployed Association criticizing the government. | Demonstration | 23 March 1961",1,"This group connects 1 communities around: KOREAN UNEMPLOYED ASSOCIATION; Demonstration in Seoul | A demonstration by 2,000 members of the Korean Unemployed Association criticizing the government. | Demonstration | 23 March 1961."
119,COMMUNITY:119,63,NARRATIVE:63,BRITISH PROPOSALS; SOVIET BROADCAST,2,BRITISH PROPOSALS; SOVIET BROADCAST,BRITISH PROPOSALS; SOVIET BROADCAST,1,This group connects 1 communities around: BRITISH PROPOSALS; SOVIET BROADCAST.
120,COMMUNITY:120,64,NARRATIVE:64,MINDAN; DEMONSTRATION,2,MINDAN; DEMONSTRATION,MINDAN; DEMONSTRATION,1,This group connects 1 communities around: MINDAN; DEMONSTRATION.
121,COMMUNITY:121,65,NARRATIVE:65,GAJEWSKI; POZNAN RIOTS,2,GAJEWSKI; POZNAN RIOTS,GAJEWSKI; POZNAN RIOTS,1,This group connects 1 communities around: GAJEWSKI; POZNAN RIOTS.
122,COMMUNITY:122,66,NARRATIVE:66,PUBLIC LECTURER IN MOSCOW; US SOVIET RELATIONS,2,PUBLIC LECTURER IN MOSCOW; US SOVIET RELATIONS,PUBLIC LECTURER IN MOSCOW; US SOVIET RELATIONS,1,This group connects 1 communities around: PUBLIC LECTURER IN MOSCOW; US SOVIET RELATIONS.
