normalized_label,canonical_label_current,mention_count,unique_docs,source_types,example_mentions,in_alias_dictionary
USSR,USSR,103,41,Country; Government,USSR,False
LAOS,LAOS,72,40,Country; Location,Laos,False
CONGO,CONGO,52,35,Country; Location,Congo,False
SOVIET UNION,SOVIET UNION,50,30,Country; Government,Soviet Union,False
GIZENGA,GIZENGA,48,30,Person; PoliticalGroup,Gizenga,False
COMMUNIST CHINA,COMMUNIST CHINA,48,29,Country; Government,Communist China,False
PATHET LAO,PATHET LAO,48,29,Military; PoliticalGroup,Pathet Lao,False
NATIONAL SECURITY AGENCY,NATIONAL SECURITY AGENCY,46,46,Organization,National Security Agency,False
PEIPING,PEIPING,46,28,Government; Location,Peiping,False
DIRECTOR,DIRECTOR,46,16,Person,Director,False
NATIONAL INDICATIONS CENTER,NATIONAL INDICATIONS CENTER,45,45,Organization,National Indications Center,False
ATOMIC ENERGY COMMISSION,ATOMIC ENERGY COMMISSION,44,44,Organization,Atomic Energy Commission,False
DEPARTMENT OF DEFENSE,DEPARTMENT OF DEFENSE,44,44,Government; Organization,Department of Defense,False
SOUVANNA PHOUMA,SOUVANNA PHOUMA,43,30,Person,Souvanna Phouma,False
FEDERAL BUREAU OF INVESTIGATION,FEDERAL BUREAU OF INVESTIGATION,41,41,Organization,Federal Bureau of Investigation,False
NORTH VIETNAM,NORTH VIETNAM,39,28,Country; Government,North Vietnam,False
UAR,UAR,38,21,Country; Government; Military; Organization; PoliticalGroup,UAR,False
KHRUSHCHEV,KHRUSHCHEV,37,18,Person,Khrushchev,False
UNITED STATES,UNITED STATES,33,27,Country,United States,False
HAMMARSKJOLD,HAMMARSKJOLD,32,22,Person,Hammarskjold,False
SECRETARY OF DEFENSE,SECRETARY OF DEFENSE,28,28,Person,Secretary of Defense,False
UN,UN,28,22,Organization,UN,False
KASAVUBU,KASAVUBU,28,19,Person,Kasavubu,False
LUMUMBA,LUMUMBA,28,19,Person,Lumumba,False
FRANCE,FRANCE,28,18,Country; Location,France,False
GENERAL PHOUMI,GENERAL PHOUMI,27,21,Person,General Phoumi,False
DEPARTMENT OF JUSTICE,DEPARTMENT OF JUSTICE,26,26,Government; Organization,Department of Justice,False
DEPARTMENT OF STATE,DEPARTMENT OF STATE,25,25,Government; Organization,Department of State,False
MOBUTU,MOBUTU,25,23,Person,Mobutu,False
TSHOMBÉ,TSHOMBÉ,25,16,Person,Tshombé,False
UNITED STATES INFORMATION AGENCY,UNITED STATES INFORMATION AGENCY,24,24,Organization,United States Information Agency,False
BELGIUM,BELGIUM,24,17,Country,Belgium,False
DE GAULLE,DE GAULLE,24,13,Person,De Gaulle,False
PORTUGAL,PORTUGAL,23,15,Country,Portugal,False
CUBA,CUBA,23,14,Country,Cuba,False
EAST GERMANY,EAST GERMANY,21,14,Country; Government; Location,East Germany,False
IRAQ,IRAQ,21,12,Country,Iraq,False
"ASSISTANT CHIEF OF STAFF FOR INTELLIGENCE, DEPARTMENT OF ARMY","ASSISTANT CHIEF OF STAFF FOR INTELLIGENCE, DEPARTMENT OF ARMY",20,20,Person,"Assistant Chief of Staff for Intelligence, Department of Army",False
"ASSISTANT CHIEF OF STAFF, INTELLIGENCE, DEPARTMENT OF THE AIR FORCE","ASSISTANT CHIEF OF STAFF, INTELLIGENCE, DEPARTMENT OF THE AIR FORCE",20,20,Person,"Assistant Chief of Staff, Intelligence, Department of the Air Force",False
CENTRAL INTELLIGENCE BULLETIN,CENTRAL INTELLIGENCE BULLETIN,20,20,Document,CENTRAL INTELLIGENCE BULLETIN; Central Intelligence Bulletin,False
"CHAIRMAN, THE JOINT CHIEFS OF STAFF","CHAIRMAN, THE JOINT CHIEFS OF STAFF",20,20,Person,"Chairman, The Joint Chiefs of Staff",False
"CHIEF OF NAVAL OPERATIONS, UNITED STATES NAVY","CHIEF OF NAVAL OPERATIONS, UNITED STATES NAVY",20,20,Person,"Chief of Naval Operations, United States Navy",False
"CHIEF OF STAFF, UNITED STATES AIR FORCE","CHIEF OF STAFF, UNITED STATES AIR FORCE",20,20,Person,"Chief of Staff, United States Air Force",False
"CHIEF OF STAFF, UNITED STATES ARMY","CHIEF OF STAFF, UNITED STATES ARMY",20,20,Person,"Chief of Staff, United States Army",False
"COMMANDANT, UNITED STATES MARINE CORPS","COMMANDANT, UNITED STATES MARINE CORPS",20,20,Person,"Commandant, United States Marine Corps",False
"COMMANDER IN CHIEF, PACIFIC","COMMANDER IN CHIEF, PACIFIC",20,20,Military; Person,"Commander in Chief, Pacific",False
DEPUTY SECRETARY OF DEFENSE,DEPUTY SECRETARY OF DEFENSE,20,20,Person,Deputy Secretary of Defense,False
"DIRECTOR FOR INTELLIGENCE, THE JOINT STAFF","DIRECTOR FOR INTELLIGENCE, THE JOINT STAFF",20,20,Person,"Director for Intelligence, The Joint Staff",False
"DIRECTOR OF NAVAL INTELLIGENCE, DEPARTMENT OF NAVY","DIRECTOR OF NAVAL INTELLIGENCE, DEPARTMENT OF NAVY",20,20,Person,"Director of Naval Intelligence, Department of Navy",False
"DIRECTOR, THE JOINT STAFF","DIRECTOR, THE JOINT STAFF",20,20,Person,"Director, The Joint Staff",False
SECRETARY OF THE AIR FORCE,SECRETARY OF THE AIR FORCE,20,20,Person,Secretary of the Air Force,False
SECRETARY OF THE ARMY,SECRETARY OF THE ARMY,20,20,Person,Secretary of the Army,False
SECRETARY OF THE NAVY,SECRETARY OF THE NAVY,20,20,Person,Secretary of the Navy,False
"SUPREME ALLIED COMMANDER, EUROPE","SUPREME ALLIED COMMANDER, EUROPE",20,20,Military; Person,"Supreme Allied Commander, Europe",False
MOSCOW,MOSCOW,20,16,Location,Moscow,False
LEOPOLDVILLE,LEOPOLDVILLE,20,15,Location,Leopoldville,False
INDIA,INDIA,19,16,Country; Location,India,False
BURMA,BURMA,19,15,Country; Location,Burma,False
TSHOMBE,TSHOMBE,19,15,Person,Tshombe,False
ATTORNEY GENERAL,ATTORNEY GENERAL,17,17,Person,Attorney General,False
US,UNITED STATES,17,14,Country; Government,US,True
POLAND,POLAND,17,11,Country,Poland,False
NASIR,NASIR,17,9,Person,Nasir,False
CHAIRMAN,CHAIRMAN,16,16,Person,Chairman,False
KING SAVANG,KING SAVANG,16,13,Person,King Savang,False
ANGOLA,ANGOLA,16,11,Country; Location,Angola,False
INDONESIA,INDONESIA,16,10,Country,Indonesia,False
ASSISTANT SECRETARY OF DEFENSE (INTERNATIONAL SECURITY AFFAIRS),ASSISTANT SECRETARY OF DEFENSE (INTERNATIONAL SECURITY AFFAIRS),15,15,Person,Assistant Secretary of Defense (International Security Affairs),False
ASSISTANT TO SECRETARY OF DEFENSE (SPECIAL OPERATIONS),ASSISTANT TO SECRETARY OF DEFENSE (SPECIAL OPERATIONS),15,15,Person,Assistant to Secretary of Defense (Special Operations),False
KATANGA,KATANGA,15,14,Location,Katanga,False
VIENTIANE,VIENTIANE,15,14,Location,Vientiane,False
CHINA,COMMUNIST CHINA,15,12,Country,China,True
MOROCCO,MOROCCO,15,10,Country,Morocco,False
PHOUMI,GENERAL PHOUMI,14,12,Person,Phoumi,True
SOUTH VIETNAM,SOUTH VIETNAM,14,12,Country,South Vietnam,False
BOUN OUM GOVERNMENT,BOUN OUM GOVERNMENT,14,11,Government,Boun Oum government,False
PAKISTAN,PAKISTAN,14,8,Country,Pakistan,False
EL SALVADOR,EL SALVADOR,14,7,Country,El Salvador,False
JAPAN,JAPAN,14,5,Country,Japan,False
BOUN OUM,BOUN OUM,13,12,Government; Person,Boun Oum,False
KONG LE - PATHET LAO,KONG LE - PATHET LAO,13,12,Military; PoliticalGroup,Kong Le - Pathet Lao,False
STANLEYVILLE,STANLEYVILLE,13,11,Location,Stanleyville,False
ALGERIA,ALGERIA,13,9,Country; Location,Algeria,False
SALAZAR,SALAZAR,13,8,Person,Salazar,False
CHEN YI,CHEN YI,13,7,Person,Chen Yi,False
SOUTH KOREA,SOUTH KOREA,13,6,Country,South Korea,False
GHANA,GHANA,12,10,Country,Ghana,False
SUDAN,SUDAN,12,9,Country,Sudan,False
EXECUTIVE OFFICES OF THE WHITE HOUSE,EXECUTIVE OFFICES OF THE WHITE HOUSE,11,11,Organization,Executive Offices of the White House,False
HANOI,HANOI,11,11,Location,Hanoi,False
WEST GERMANY,WEST GERMANY,11,9,Country; Government,West Germany,False
BRAZIL,BRAZIL,11,8,Country,Brazil,False
THE PRESIDENT,THE PRESIDENT,10,10,Person,The President,False
THE VICE PRESIDENT,THE VICE PRESIDENT,10,10,Person,The Vice President,False
LUANG PRABANG,LUANG PRABANG,10,9,Location,Luang Prabang,False
CZECHOSLOVAKIA,CZECHOSLOVAKIA,10,8,Country,Czechoslovakia,False
MUONG KASSY,MUONG KASSY,10,8,Location,Muong Kassy,False
NEHRU,NEHRU,10,8,Person,Nehru,False
SEATO,SEATO,10,8,Organization; PoliticalGroup,SEATO,False
JORDAN,JORDAN,10,7,Country,Jordan,False
PHNOM PENH,PHNOM PENH,10,7,Location,Phnom Penh,False
ADENAUER,ADENAUER,10,5,Person,Adenauer,False
CEYLON,CEYLON,10,5,Country,Ceylon,False
DOMINICAN REPUBLIC,DOMINICAN REPUBLIC,10,5,Country,Dominican Republic,False
IRAN,IRAN,10,5,Country,Iran,False
DEPARTMENT OF COMMERCE,DEPARTMENT OF COMMERCE,9,9,Government; Organization,Department of Commerce,False
KONG LE,KONG LE,9,9,Military; Person; PoliticalGroup,Kong Le,False
PLAINE DES JARRES,PLAINE DES JARRES,9,9,Location,Plaine des Jarres,False
BONN,BONN,9,7,Government; Location,Bonn,False
QASIM,QASIM,9,7,Person,Qasim,False
ARAB LEAGUE,ARAB LEAGUE,9,5,Organization,Arab League,False
TUNISIA,TUNISIA,9,5,Country,Tunisia,False
ELISABETHVILLE,ELISABETHVILLE,8,8,Location,Elisabethville,False
REPUBLIC OF THE CONGO,REPUBLIC OF THE CONGO,8,8,Country,Republic of the Congo,False
SECRETARY OF STATE,SECRETARY OF STATE,8,8,Person,Secretary of State,False
INTERNATIONAL CONTROL COMMISSION,INTERNATIONAL CONTROL COMMISSION,8,7,Organization; Other,International Control Commission,False
LAOTIAN GOVERNMENT,LAOTIAN GOVERNMENT,8,7,Government,Laotian Government; Laotian government,False
PHOU KHOUN,PHOU KHOUN,8,7,Location,Phou Khoun,False
SUKARNO,SUKARNO,8,6,Person,Sukarno,False
BOURGUIBA,BOURGUIBA,8,5,Person,Bourguiba,False
ITALY,ITALY,8,5,Country,Italy,False
MONIZ,MONIZ,8,5,Person,Moniz,False
NORTH KOREA,NORTH KOREA,8,5,Country,North Korea,False
ALBANIA,ALBANIA,8,4,Country,Albania,False
NIGERIA,NIGERIA,8,4,Country,Nigeria,False
AMBASSADOR BROWN,AMBASSADOR BROWN,7,7,Person,Ambassador Brown,False
SECRETARY OF COMMERCE,SECRETARY OF COMMERCE,7,7,Person,Secretary of Commerce,False
SOUVANNA,SOUVANNA PHOUMA,7,7,Person; PoliticalGroup,Souvanna,True
THAILAND,THAILAND,7,7,Country; Location,Thailand,False
"U.S. REP., MILITARY COMMITTEE AND STANDING GROUP, NATO","U.S. REP., MILITARY COMMITTEE AND STANDING GROUP, NATO",7,7,Person,"U.S. Rep., Military Committee and Standing Group, NATO",False
XIENG KHOUANG PROVINCE,XIENG KHOUANG PROVINCE,7,7,Location,Xieng Khouang Province,False
CAIRO,CAIRO,7,6,Location,Cairo,False
CHIANG KAI-SHEK,CHIANG KAI-SHEK,7,6,Person,Chiang Kai-shek,False
LAOTIAN ARMY,LAOTIAN ARMY,7,6,Military,Laotian Army,False
BOMBOKO,BOMBOKO,7,5,Person,Bomboko,False
GREECE,GREECE,7,4,Country,Greece,False
TURKEY,TURKEY,7,4,Country,Turkey,False
COMMUNISTS,COMMUNISTS,6,6,PoliticalGroup,Communists,False
NATO,NATO,6,6,Organization,NATO,False
SOUTH AFRICA,SOUTH AFRICA,6,6,Country,South Africa,False
BURMESE ARMY,BURMESE ARMY,6,5,Military,Burmese Army,False
GUINEA,GUINEA,6,5,Country,Guinea,False
NATIONALIST CHINA,NATIONALIST CHINA,6,5,Country; Government,Nationalist China,False
THA THOM,THA THOM,6,5,Location,Tha Thom,False
XIENG KHOUANG,XIENG KHOUANG PROVINCE,6,5,Location,Xieng Khouang,True
PAG,PAG,6,4,PoliticalGroup,PAG,False
ASSISTANT SECRETARY OF DEFENSE FOR INTERNATIONAL SECURITY AFFAIRS,ASSISTANT SECRETARY OF DEFENSE (INTERNATIONAL SECURITY AFFAIRS),5,5,Person,Assistant Secretary of Defense for International Security Affairs,True
ASSISTANT TO SECRETARY OF DEFENSE FOR SPECIAL OPERATIONS,ASSISTANT TO SECRETARY OF DEFENSE (SPECIAL OPERATIONS),5,5,Person,Assistant to Secretary of Defense for Special Operations,True
CAMBODIA,CAMBODIA,5,5,Country,Cambodia,False
ILEO,ILEO,5,5,Person,Ileo,False
LUANDA,LUANDA,5,5,Location,Luanda,False
OAS,OAS,5,5,Organization,OAS,False
PRINCE SIHANOUK,PRINCE SIHANOUK,5,5,Person,Prince Sihanouk,False
PRINCE SOUPHANNOUVONG,PRINCE SOUPHANNOUVONG,5,5,Person,Prince Souphannouvong,False
RANGOON,RANGOON,5,5,Location,Rangoon,False
SIHANOUK,PRINCE SIHANOUK,5,5,Person,Sihanouk,True
SYRIA,SYRIA,5,5,Country,Syria,False
UN COMMAND,UN COMMAND,5,5,Organization,UN Command,False
UNITED NATIONS,UNITED NATIONS,5,5,Organization,United Nations,False
VANG VIENG,VANG VIENG,5,5,Location,Vang Vieng,False
AMERICAN EMBASSY,AMERICAN EMBASSY,5,4,Organization,American Embassy,False
BRITAIN,BRITAIN,5,4,Country; Government,Britain,False
CHINESE NATIONALIST IRREGULARS,CHINESE NATIONALIST IRREGULARS,5,4,Military,Chinese Nationalist irregulars; Chinese Nationalist Irregulars,False
GROMYKO,GROMYKO,5,4,Person,Gromyko,False
JANIO QUADROS,JANIO QUADROS,5,4,Person,Janio Quadros,False
KONG LE - PATHET LAO FORCES,KONG LE - PATHET LAO,5,4,Military,Kong Le - Pathet Lao forces,True
NEPAL,NEPAL,5,4,Country,Nepal,False
NKRUMAH,NKRUMAH,5,4,Person,Nkrumah,False
PRESIDENT DIEM,PRESIDENT DIEM,5,4,Person,President Diem,False
TAIWAN,TAIWAN,5,4,Country; Location,Taiwan,False
AFGHANISTAN,AFGHANISTAN,5,3,Country,Afghanistan,False
AMBASSADOR THOMPSON,AMBASSADOR THOMPSON,5,3,Person,Ambassador Thompson,False
CHANG MYON,CHANG MYON,5,3,Person,Chang Myon,False
FERHAT ABBAS,FERHAT ABBAS,5,3,Person,Ferhat Abbas,False
KIVU PROVINCE,KIVU PROVINCE,5,3,Location,Kivu Province,False
OSORIO,OSORIO,5,3,Person,Osorio,False
TRUJILLO,TRUJILLO,5,3,Person,Trujillo,False
CHILE,CHILE,5,2,Country,Chile,False
ARGENTINA,ARGENTINA,4,4,Country,Argentina,False
BALUBA,BALUBA,4,4,Other; PoliticalGroup,Baluba,False
BRUSSELS,BRUSSELS,4,4,Location,Brussels,False
COMMUNIST PARTY,COMMUNIST PARTY,4,4,PoliticalGroup,Communist Party; Communist party,False
DAR ES SALAAM,DAR ES SALAAM,4,4,Location,Dar es Salaam,False
EEC,EEC,4,4,Organization,EEC,False
FIDEL CASTRO,FIDEL CASTRO,4,4,Person,Fidel Castro,False
GENERAL LUNDULA,GENERAL LUNDULA,4,4,Person,General Lundula,False
GENERAL NASUTION,GENERAL NASUTION,4,4,Person,General Nasution,False
HAIPHONG,HAIPHONG,4,4,Location,Haiphong,False
LEOPOLDVILLE GOVERNMENT,LEOPOLDVILLE GOVERNMENT,4,4,Government,Leopoldville government,False
LISBON,LISBON,4,4,Location,Lisbon,False
MALI,MALI,4,4,Country,Mali,False
NAM BAC,NAM BAC,4,4,Location,Nam Bac,False
NEW DELHI,NEW DELHI,4,4,Location,New Delhi,False
PHONG SALY PROVINCE,PHONG SALY PROVINCE,4,4,Location,Phong Saly Province,False
PRIME MINISTER QASIM,PRIME MINISTER QASIM,4,4,Person,Prime Minister Qasim,False
SOVIET BLOC,SOVIET BLOC,4,4,Organization; PoliticalGroup,Soviet bloc,False
TAIPEI,TAIPEI,4,4,Location,Taipei,False
TANANARIVE,TANANARIVE,4,4,Location,Tananarive,False
TREASURY DEPARTMENT,TREASURY DEPARTMENT,4,4,Organization,Treasury Department,False
TYURA TAM,TYURA TAM,4,4,Location,Tyura Tam,False
UNITED KINGDOM,UNITED KINGDOM,4,4,Country,United Kingdom,False
US EMBASSY,US EMBASSY,4,4,Organization,US Embassy; US embassy,False
WARSAW,WARSAW,4,4,Location,Warsaw,False
WEST BERLIN,WEST BERLIN,4,4,Location,West Berlin,False
AUSTRIA,AUSTRIA,4,3,Country,Austria,False
BAGHDAD,BAGHDAD,4,3,Location,Baghdad,False
CHOU EN-LAI,CHOU EN-LAI,4,3,Person,Chou En-lai,False
COMMITTEE OF NATIONAL UNION,COMMITTEE OF NATIONAL UNION,4,3,PoliticalGroup,Committee of National Union,False
COMMON MARKET,COMMON MARKET,4,3,Organization,Common Market,False
ETHIOPIA,ETHIOPIA,4,3,Country,Ethiopia,False
FROL KOZLOV,FROL KOZLOV,4,3,Person,Frol Kozlov,False
GENERAL NE WIN,GENERAL NE WIN,4,3,Person,General Ne Win,False
GIZENGA REGIME,GIZENGA REGIME,4,3,Government; PoliticalGroup,Gizenga regime,False
KENYA,KENYA,4,3,Country,Kenya,False
PEOPLES DAILY,PEOPLES DAILY,4,3,Document; Organization,People's Daily,False
PORTUGUESE GOVERNMENT,PORTUGUESE GOVERNMENT,4,3,Government,Portuguese Government,False
SALAZAR REGIME,SALAZAR REGIME,4,3,Government; PoliticalGroup,Salazar Regime; Salazar regime,False
SAUDI ARABIA,SAUDI ARABIA,4,3,Country,Saudi Arabia,False
SOCIALIST PARTY,SOCIALIST PARTY,4,3,PoliticalGroup,Socialist party; Socialist Party,False
UN GENERAL ASSEMBLY,UN GENERAL ASSEMBLY,4,3,Organization,UN General Assembly,False
AYUB,AYUB,4,2,Person,Ayub,False
COLOMBIA,COLOMBIA,4,2,Country,Colombia,False
ECUADOR,ECUADOR,4,2,Country,Ecuador,False
IKEDA,IKEDA,4,2,Person,Ikeda,False
KING MAHENDRA,KING MAHENDRA,4,2,Person,King Mahendra,False
LIBYA,LIBYA,4,2,Country,Libya,False
PORTUGUESE GUINEA,PORTUGUESE GUINEA,4,2,Location,Portuguese Guinea,False
SPAIN,SPAIN,4,1,Country,Spain,False
AMERICAN AMBASSADOR,AMERICAN AMBASSADOR,3,3,Person,American ambassador,False
BAN TA VIANG,BAN TA VIANG,3,3,Location,Ban Ta Viang,False
BOTELHO MONIZ,BOTELHO MONIZ,3,3,Person,Botelho Moniz,False
BRITISH,BRITISH,3,3,Government; PoliticalGroup,British,False
BURMESE GOVERNMENT,BURMESE GOVERNMENT,3,3,Government,Burmese Government,False
CASTRO REGIME,CASTRO REGIME,3,3,Government,Castro regime,False
CHANCELLOR ADENAUER,ADENAUER,3,3,Person,Chancellor Adenauer,True
CHINESE COMMUNISTS,CHINESE COMMUNISTS,3,3,PoliticalGroup,Chinese Communists,False
CONGRESS PARTY,CONGRESS PARTY,3,3,PoliticalGroup,Congress party,False
DAYAL,DAYAL,3,3,Person,Dayal,False
DIEM GOVERNMENT,DIEM GOVERNMENT,3,3,Government,Diem government,False
DJAKARTA,DJAKARTA,3,3,Location,Djakarta,False
EGYPT,EGYPT,3,3,Country,Egypt,False
EQUATEUR PROVINCE,EQUATEUR PROVINCE,3,3,Location,Equateur Province,False
FRENCH FOREIGN MINISTRY,FRENCH FOREIGN MINISTRY,3,3,Organization,French Foreign Ministry,False
HAINAN ISLAND,HAINAN ISLAND,3,3,Location,Hainan Island,False
ILEO GOVERNMENT,ILEO GOVERNMENT,3,3,Government,Ileo government,False
IRAQ PETROLEUM COMPANY,IRAQ PETROLEUM COMPANY,3,3,Organization,Iraq Petroleum Company,False
JASON SENDWE,JASON SENDWE,3,3,Person,Jason Sendwe,False
KALONJI,KALONJI,3,3,Person,Kalonji,False
KAMITATU,KAMITATU,3,3,Person,Kamitatu,False
KING HUSAYN,KING HUSAYN,3,3,Person,King Husayn,False
KONG LE/PATHET LAO FORCES,KONG LE - PATHET LAO,3,3,Military; PoliticalGroup,Kong Le/Pathet Lao forces,True
KUZNETSOV,KUZNETSOV,3,3,Person,Kuznetsov,False
LIBERAL PARTY,LIBERAL PARTY,3,3,PoliticalGroup,Liberal party,False
MALAYA,MALAYA,3,3,Country,Malaya,False
MUONG SAI,MUONG SAI,3,3,Location,Muong Sai,False
PAK SANE,PAK SANE,3,3,Location,Pak Sane,False
QUINIM PHOLSENA,QUINIM PHOLSENA,3,3,Person,Quinim Pholsena,False
RUANDA-URUNDI,RUANDA-URUNDI,3,3,Location,Ruanda-Urundi,False
SEOUL,SEOUL,3,3,Location,Seoul,False
SHAH,SHAH,3,3,Person,Shah,False
SHARIF-EMAMI,SHARIF-EMAMI,3,3,Person,Sharif-Emami,False
SYNGMAN RHEE,SYNGMAN RHEE,3,3,Person,Syngman Rhee,False
TOURÉ,TOURÉ,3,3,Person,Touré,False
TRINQUIER,TRINQUIER,3,3,Person,Trinquier,False
ULBRICHT,ULBRICHT,3,3,Person,Ulbricht,False
UNDER SECRETARY OF STATE,UNDER SECRETARY OF STATE,3,3,Person,Under Secretary of State,False
UNITED NATIONS FORCES,UNITED NATIONS FORCES,3,3,Military; Organization,United Nations Forces,False
VENEZUELA,VENEZUELA,3,3,Country,Venezuela,False
BOLIVIA,BOLIVIA,3,2,Country,Bolivia,False
CABINDA,CABINDA,3,2,Location,Cabinda,False
CHANG MYON GOVERNMENT,CHANG MYON GOVERNMENT,3,2,Government,Chang Myon government,False
CHIANG CHING-KUO,CHIANG CHING-KUO,3,2,Person,Chiang Ching-kuo,False
CHRISTIAN DEMOCRATIC PARTY,CHRISTIAN DEMOCRATIC PARTY,3,2,PoliticalGroup,Christian Democratic Party; Christian Democratic party,False
DELVAUX,DELVAUX,3,2,Person,Delvaux,False
DIEM,PRESIDENT DIEM,3,2,Person,Diem,True
FRENCH GOVERNMENT,FRENCH GOVERNMENT,3,2,Government,French Government,False
GURSEL,GURSEL,3,2,Person,Gursel,False
IZVESTIA,IZVESTIA,3,2,Organization; Other,Izvestia,False
KAMINA,KAMINA,3,2,Location,Kamina,False
KASAI PROVINCE,KASAI PROVINCE,3,2,Location,Kasai Province,False
KHAMSOUK KEOLA,KHAMSOUK KEOLA,3,2,Person,Khamsouk Keola,False
LOUIS JOXE,LOUIS JOXE,3,2,Person,Louis Joxe,False
MANONO,MANONO,3,2,Location,Manono,False
MATADI,MATADI,3,2,Location,Matadi,False
MOSUL,MOSUL,3,2,Location,Mosul,False
NATIONAL FRONT,NATIONAL FRONT,3,2,PoliticalGroup,National Front,False
NE WIN,GENERAL NE WIN,3,2,Person,Ne Win,True
NEPALI CONGRESS,NEPALI CONGRESS,3,2,PoliticalGroup,Nepali Congress,False
NORTH VIETNAMESE TROOPS,NORTH VIETNAMESE TROOPS,3,2,Military,North Vietnamese troops,False
NORTHERN RHODESIA,NORTHERN RHODESIA,3,2,Country; Location,Northern Rhodesia,False
PRAVDA,PRAVDA,3,2,Organization; Other,Pravda,False
PRESIDENT BETANCOURT,PRESIDENT BETANCOURT,3,2,Person,President Betancourt,False
PUSHTOON TRIBES,PUSHTOON TRIBES,3,2,Other,Pushtoon tribes,False
RAJESHWAR DAYAL,RAJESHWAR DAYAL,3,2,Person,Rajeshwar Dayal,False
REPUBLICAN PEOPLES PARTY,REPUBLICAN PEOPLES PARTY,3,2,PoliticalGroup,Republican People's Party; Republican People's party,False
ROMAN CATHOLIC CHURCH,ROMAN CATHOLIC CHURCH,3,2,ReligiousGroup,Roman Catholic Church,False
SARPER,SARPER,3,2,Person,Sarper,False
SOMALI REPUBLIC,SOMALI REPUBLIC,3,2,Country,Somali Republic,False
SOUTHERN RHODESIA,SOUTHERN RHODESIA,3,2,Country; Location,Southern Rhodesia,False
TEHRAN,TEHRAN,3,2,Location,Tehran,False
TIRANA,TIRANA,3,2,Location,Tirana,False
VENEZUELAN GOVERNMENT,VENEZUELAN GOVERNMENT,3,2,Government,Venezuelan Government,False
ZORIN,ZORIN,3,2,Person,Zorin,False
AVERKY ARISTOV,AVERKY ARISTOV,3,1,Person,Averky Aristov,False
CAMEROUN,CAMEROUN,3,1,Country,Cameroun,False
INDIAN COMMUNIST PARTY,INDIAN COMMUNIST PARTY,3,1,PoliticalGroup,Indian Communist party; Indian Communist Party,False
MAYOR BRANDT,MAYOR BRANDT,3,1,Person,Mayor Brandt,False
PHILIPPINES,PHILIPPINES,3,1,Country,Philippines,False
SOMALI ARMY,SOMALI ARMY,3,1,Military,Somali Army,False
YDIGORAS,YDIGORAS,3,1,Person,Ydigoras,False
ACCRA,ACCRA,2,2,Location,Accra,False
AFRICA,AFRICA,2,2,Location,Africa,False
AFRO-ASIAN BLOC,AFRO-ASIAN BLOC,2,2,PoliticalGroup,Afro-Asian bloc,False
ALGERIAN REBELS,ALGERIAN REBELS,2,2,PoliticalGroup,Algerian rebels,False
ALICAN,ALICAN,2,2,Person,Alican,False
AMBASSADOR STEVENSON,AMBASSADOR STEVENSON,2,2,Person,Ambassador Stevenson,False
AMBASSADOR TIMBERLAKE,AMBASSADOR TIMBERLAKE,2,2,Person,Ambassador Timberlake,False
AMERICAN CONSUL,AMERICAN CONSUL,2,2,Person,American consul,False
ANGOLA PEOPLES UNION (UPA),ANGOLAN PEOPLES UNION (UPA),2,2,PoliticalGroup,Angola Peoples Union (UPA); Angola Peoples' Union (UPA),True
ANGOLAN PEOPLES UNION (UPA),ANGOLAN PEOPLES UNION (UPA),2,2,PoliticalGroup,Angolan Peoples' Union (UPA); Angolan People's Union (UPA),False
ANIBAL PORTILLO,COLONEL ANIBAL PORTILLO,2,2,Person,Anibal Portillo,True
ARINOS,ARINOS,2,2,Person,Arinos,False
BALUBA TRIBESMEN,BALUBA TRIBESMEN,2,2,Other,Baluba tribesmen,False
BOLIKANGO,JEAN BOLIKANGO,2,2,Person,Bolikango,True
BRIGADIER MAUNG MAUNG,BRIGADIER MAUNG MAUNG,2,2,Person,Brigadier Maung Maung,False
BRITISH AMBASSADOR,BRITISH AMBASSADOR,2,2,Person,British ambassador,False
CANTON,CANTON,2,2,Location,Canton,False
CASTRO,FIDEL CASTRO,2,2,Person,Castro,True
CENTRAL BANK,CENTRAL BANK,2,2,Organization; Other,Central Bank,False
COLOMBO,COLOMBO,2,2,Location,Colombo,False
COLONEL ANIBAL PORTILLO,COLONEL ANIBAL PORTILLO,2,2,Person,Colonel Anibal Portillo,False
COLONIAL OFFICE,COLONIAL OFFICE,2,2,Organization,Colonial Office,False
CYPRUS,CYPRUS,2,2,Country; Location,Cyprus,False
CZECH,CZECH,2,2,Country,Czech,False
DAIREN,DAIREN,2,2,Location,Dairen,False
DEMOCRATIC PARTY,DEMOCRATIC PARTY,2,2,PoliticalGroup,Democratic Party; Democratic party,False
ELBRICK,ELBRICK,2,2,Person,Elbrick,False
ENVER HOXHA,ENVER HOXHA,2,2,Person,Enver Hoxha,False
FANFANI,FANFANI,2,2,Person,Fanfani,False
FRENCH AMBASSADOR FALAIZE,FRENCH AMBASSADOR FALAIZE,2,2,Person,French Ambassador Falaize,False
FRENCH EMBASSY,FRENCH EMBASSY,2,2,Organization,French Embassy,False
GENERAL ALAVI-MOQADAM,GENERAL ALAVI-MOQADAM,2,2,Person,General Alavi-Moqadam,False
GENERAL OUANE,GENERAL OUANE,2,2,Person,General Ouane,False
GENERALISSIMO TRUJILLO,TRUJILLO,2,2,Person,Generalissimo Trujillo,True
GENEVA,GENEVA,2,2,Location,Geneva,False
GENNADY VORONOV,GENNADY VORONOV,2,2,Person,Gennady Voronov,False
GIZENGA DISSIDENTS,GIZENGA DISSIDENTS,2,2,PoliticalGroup,Gizenga dissidents,False
GIZENGAS STANLEYVILLE REGIME,GIZENGAS STANLEYVILLE REGIME,2,2,Government,Gizenga's Stanleyville regime,False
GOVERNMENT,GOVERNMENT,2,2,Government,Government; government,False
ISRAEL,ISRAEL,2,2,Country,Israel,False
JEAN BOLIKANGO,JEAN BOLIKANGO,2,2,Person,Jean Bolikango,False
JEAN MONNET,JEAN MONNET,2,2,Person,Jean Monnet,False
JOSEPH ILEO,JOSEPH ILEO,2,2,Person,Joseph Ileo,False
JULIO RIVERA,JULIO RIVERA,2,2,Person,Julio Rivera,False
KABUL,KABUL,2,2,Location,Kabul,False
KAMCHATKA PENINSULA,KAMCHATKA PENINSULA,2,2,Location,Kamchatka Peninsula,False
KATANGA PROVINCE,KATANGA,2,2,Location,Katanga Province,True
KENNEDY ADMINISTRATION,KENNEDY ADMINISTRATION,2,2,Government; Organization,Kennedy administration,False
KIBWE,KIBWE,2,2,Person,Kibwe,False
KING MOHAMED V,KING MOHAMED V,2,2,Person,King Mohamed V,False
KONG LE FORCES,KONG LE - PATHET LAO,2,2,Military,Kong Le forces,True
KOSYGIN,KOSYGIN,2,2,Person,Kosygin,False
LEOPOLDVILLE REGIME,LEOPOLDVILLE REGIME,2,2,Government,Leopoldville regime,False
LIBERIA,LIBERIA,2,2,Country,Liberia,False
LONDON,LONDON,2,2,Location,London,False
LUMUMBA REGIME,LUMUMBA REGIME,2,2,PoliticalGroup,Lumumba regime,False
LUMUMBA SUPPORTERS,LUMUMBA SUPPORTERS,2,2,PoliticalGroup,Lumumba supporters,False
MACLEOD,MACLEOD,2,2,Person,Macleod,False
MCKEOWN,MCKEOWN,2,2,Person,McKeown,False
MESSALI HADJ,MESSALI HADJ,2,2,Person,Messali Hadj,False
MOHAMED V,KING MOHAMED V,2,2,Person,Mohamed V,True
MOHAMMED BEN BELLA,MOHAMMED BEN BELLA,2,2,Person,Mohammed Ben Bella,False
MULELE,PIERRE MULELE,2,2,Person,Mulele,True
NATIONAL LIBERATION FRONT,NATIONAL LIBERATION FRONT,2,2,PoliticalGroup,National Liberation Front,False
NATIONAL UNION,NATIONAL UNION,2,2,PoliticalGroup,National Union,False
NEO LAO HAK SAT (NLHS),NEO LAO HAK SAT (NLHS),2,2,PoliticalGroup,Neo Lao Hak Sat (NLHS),False
NU,U NU,2,2,Person,Nu,True
ORGANIZATION OF AMERICAN STATES,ORGANIZATION OF AMERICAN STATES,2,2,Organization,Organization of American States,False
PAZ ESTENSSORO,PAZ ESTENSSORO,2,2,Person,Paz Estenssoro,False
PHOUI SANANIKONE,PHOUI SANANIKONE,2,2,Person,Phoui Sananikone,False
PHOUMI FORCES,PHOUMI FORCES,2,2,Military; PoliticalGroup,Phoumi forces,False
PHOUMI VONGVICHIT,PHOUMI VONGVICHIT,2,2,Person,Phoumi Vongvichit,False
PIERRE MULELE,PIERRE MULELE,2,2,Person,Pierre Mulele,False
PORTUGUESE AUTHORITIES,PORTUGUESE AUTHORITIES,2,2,Government,Portuguese authorities,False
PRESIDENT FRONDIZI,PRESIDENT FRONDIZI,2,2,Person,President Frondizi,False
PRESIDENT KASAVUBU,KASAVUBU,2,2,Person,President Kasavubu,True
PRESIDENT NASIR,NASIR,2,2,Person,President Nasir,True
PRO-CASTRO ELEMENTS,PRO-CASTRO ELEMENTS,2,2,PoliticalGroup,pro-Castro elements,False
PROVISIONAL ALGERIAN GOVERNMENT,PROVISIONAL ALGERIAN GOVERNMENT,2,2,Government; PoliticalGroup,Provisional Algerian Government,False
PUSHKIN,PUSHKIN,2,2,Person,Pushkin,False
QUADROS,JANIO QUADROS,2,2,Person,Quadros,True
SANTA MARIA,SANTA MARIA,2,2,Other,Santa Maria,False
SHAH OF IRAN,SHAH,2,2,Person,Shah of Iran,True
SINO-SOVIET BLOC,SOVIET BLOC,2,2,PoliticalGroup,Sino-Soviet bloc,True
SOUPHANNOUVONG,PRINCE SOUPHANNOUVONG,2,2,Person,Souphannouvong,True
SOUTH AFRICAN GOVERNMENT,SOUTH AFRICAN GOVERNMENT,2,2,Government,South African Government,False
SOUVANNA PHOUMA GOVERNMENT,SOUVANNA PHOUMA GOVERNMENT,2,2,Government; PoliticalGroup,Souvanna Phouma government,False
SOVIET EMBASSY,SOVIET EMBASSY,2,2,Organization,Soviet Embassy,False
SOVIET PARTY CENTRAL COMMITTEE,SOVIET PARTY CENTRAL COMMITTEE,2,2,Organization; PoliticalGroup,Soviet party central committee,False
SPUTNIK VII,SPUTNIK VII,2,2,Document,Sputnik VII,False
STANLEYVILLE REGIME,GIZENGAS STANLEYVILLE REGIME,2,2,Government; PoliticalGroup,Stanleyville regime,True
SUBANDRIO,SUBANDRIO,2,2,Person,Subandrio,False
THOMAZ,THOMAZ,2,2,Person,Thomaz,False
TOKYO,TOKYO,2,2,Location,Tokyo,False
TSHOMBÉS GOVERNMENT,TSHOMBÉS GOVERNMENT,2,2,Government,Tshombé's government,False
TUNIS,TUNIS,2,2,Location,Tunis,False
U NU,U NU,2,2,Person,U Nu,False
UAR NATIONAL ASSEMBLY,UAR NATIONAL ASSEMBLY,2,2,Organization,UAR National Assembly,False
UK,UK,2,2,Country,UK,False
ULAN BATOR,ULAN BATOR,2,2,Location,Ulan Bator,False
UNION MINIERE,UNION MINIERE,2,2,Organization,Union Miniere,False
UNITED STATES AIR FORCE,UNITED STATES AIR FORCE,2,2,Military,United States Air Force,False
UNITED STATES ARMY,UNITED STATES ARMY,2,2,Military,United States Army,False
UNITED STATES NAVY,UNITED STATES NAVY,2,2,Military,United States Navy,False
US EMBASSY IN MOSCOW,US EMBASSY IN MOSCOW,2,2,Organization,US Embassy in Moscow,False
VIETNAMESE,VIETNAMESE,2,2,Military; Other,Vietnamese,False
YEMEN,YEMEN,2,2,Country,Yemen,False
YOULOU,YOULOU,2,2,Person,Youlou,False
YUGOSLAVIA,YUGOSLAVIA,2,2,Country,Yugoslavia,False
YUNNAN PROVINCE,YUNNAN PROVINCE,2,2,Location,Yunnan Province,False
ABBOUD,ABBOUD,2,1,Person,Abboud,False
ALFONS GORBACH,ALFONS GORBACH,2,1,Person,Alfons Gorbach,False
ALGIERS,ALGIERS,2,1,Location,Algiers,False
ALI ABU NUWAR,ALI ABU NUWAR,2,1,Person,Ali Abu Nuwar,False
ANICET KASHAMURA,ANICET KASHAMURA,2,1,Person,Anicet Kashamura,False
BANDARANAIKE,MRS. BANDARANAIKE,2,1,Person,Bandaranaike,True
BELGIAN MILITARY,BELGIAN MILITARY,2,1,Military,Belgian military,False
BEN-GURION,BEN-GURION,2,1,Person,Ben-Gurion,False
BENEDIKTOV,BENEDIKTOV,2,1,Person,Benediktov,False
BERTHOLD BEITZ,BERTHOLD BEITZ,2,1,Person,Berthold Beitz,False
BHUTAN,BHUTAN,2,1,Country; Location,Bhutan,False
BRITISH CAMEROONS,BRITISH CAMEROONS,2,1,Location,British Cameroons,False
CHIRIBOGA,JOSE CHIRIBOGA,2,1,Person,Chiriboga,True
DMITRY POLYANSKY,DMITRY POLYANSKY,2,1,Person,Dmitry Polyansky,False
DUTT,DUTT,2,1,Person,Dutt,False
EGYPTIAN NATIONAL BANK,EGYPTIAN NATIONAL BANK,2,1,Organization,Egyptian National Bank,False
FEDERATION OF RHODESIA AND NYASALAND,FEDERATION OF RHODESIA AND NYASALAND,2,1,PoliticalGroup,Federation of Rhodesia and Nyasaland,False
FRONDIZI,PRESIDENT FRONDIZI,2,1,Person,Frondizi,True
GENERAL AMIR-AZIZI,GENERAL AMIR-AZIZI,2,1,Person,General Amir-Azizi,False
GENERAL FRANCO,GENERAL FRANCO,2,1,Person,General Franco,False
GENERAL MCKEOWN,MCKEOWN,2,1,Person,General McKeown,True
GOMULKA,GOMULKA,2,1,Person,Gomulka,False
GUATEMALA,GUATEMALA,2,1,Country,Guatemala,False
HAILE SELASSIE,HAILE SELASSIE,2,1,Person,Haile Selassie,False
HAITI,HAITI,2,1,Country,Haiti,False
HENRIQUE GALVAO,HENRIQUE GALVAO,2,1,Person,Henrique Galvao,False
ICHIRO KONO,ICHIRO KONO,2,1,Person,Ichiro Kono,False
ISFAHAN,ISFAHAN,2,1,Location,Isfahan,False
JOSE CHIRIBOGA,JOSE CHIRIBOGA,2,1,Person,Jose Chiriboga,False
KARAMANLIS GOVERNMENT,KARAMANLIS GOVERNMENT,2,1,Government,Karamanlis government,False
KASAVUBU/MOBUTU GOVERNMENT,KASAVUBU/MOBUTU GOVERNMENT,2,1,Government,Kasavubu/Mobutu government,False
KING BAUDOUIN,KING BAUDOUIN,2,1,Person,King Baudouin,False
KING SAUD,KING SAUD,2,1,Person,King Saud,False
KOMMUNIST,KOMMUNIST,2,1,Document,Kommunist,False
KONG LE/PATHET LAO,KONG LE - PATHET LAO,2,1,Military,Kong Le/Pathet Lao,True
LUMUMBIST FORCES,LUMUMBIST FORCES,2,1,PoliticalGroup,Lumumbist forces,False
LUNS,LUNS,2,1,Person,Luns,False
MAKARIOS,MAKARIOS,2,1,Person,Makarios,False
MARIANI,MARIANI,2,1,Person,Mariani,False
MONGOLIA,MONGOLIA,2,1,Country,Mongolia,False
MOROCCAN GOVERNMENT,MOROCCAN GOVERNMENT,2,1,Government,Moroccan Government,False
MRS. BANDARANAIKE,MRS. BANDARANAIKE,2,1,Person,Mrs. Bandaranaike,False
MUNONGO,MUNONGO,2,1,Person,Munongo,False
PAKISTANI GOVERNMENT,PAKISTANI GOVERNMENT,2,1,Government,Pakistani Government,False
PATNA,PATNA,2,1,Location,Patna,False
PERONISTAS,PERONISTAS,2,1,PoliticalGroup,Peronistas,False
PHAM VAN DONG,PHAM VAN DONG,2,1,Person,Pham Van Dong,False
PRESIDENT THOMAZ,THOMAZ,2,1,Person,President Thomaz,True
PUSHTOONISTAN,PUSHTOONISTAN,2,1,Other,Pushtoonistan,False
REPUBLIC OF GUINEA,REPUBLIC OF GUINEA,2,1,Country,Republic of Guinea,False
REPUBLIC OF MALI,REPUBLIC OF MALI,2,1,Country,Republic of Mali,False
SARY SHAGAN TEST COMPLEX,SARY SHAGAN TEST COMPLEX,2,1,Location,Sary Shagan test complex; Sary Shagan Test Complex,False
SERRANO,SERRANO,2,1,Person,Serrano,False
SIDDIQ AL-MAHDI,SIDDIQ AL-MAHDI,2,1,Person,Siddiq al-Mahdi,False
SIKKIM,SIKKIM,2,1,Country; Location,Sikkim,False
SOCIAL DEMOCRATIC PARTY (SPD),SOCIAL DEMOCRATIC PARTY (SPD),2,1,PoliticalGroup,Social Democratic party (SPD),False
SPANISH SAHARA,SPANISH SAHARA,2,1,Location,Spanish Sahara,False
STRAUSS,STRAUSS,2,1,Person,Strauss,False
SWEDEN,SWEDEN,2,1,Country,Sweden,False
TAIEB SABHANI,TAIEB SABHANI,2,1,Person,Taieb Sabhani,False
TANGANYIKA,TANGANYIKA,2,1,Country,Tanganyika,False
TSAMKONG,TSAMKONG,2,1,Location,Tsamkong,False
UKRAINE,UKRAINE,2,1,Location,Ukraine,False
VELASCO,VELASCO,2,1,Person,Velasco,False
VILLEDA,VILLEDA,2,1,Person,Villeda,False
WALTER LIPPMANN,WALTER LIPPMANN,2,1,Person,Walter Lippmann,False
ZERI I POPULLIT,ZERI I POPULLIT,2,1,Document,Zeri i Popullit,False
1954 GENEVA AGREEMENT,1954 GENEVA AGREEMENT,1,1,Document,1954 Geneva agreement,False
1ST INFANTRY DIVISION,1ST INFANTRY DIVISION,1,1,Military,1st Infantry Division,False
ABDULLAH RIMAWI,ABDULLAH RIMAWI,1,1,Person,Abdullah Rimawi,False
ADENAUERS PARTY,ADENAUERS PARTY,1,1,PoliticalGroup,Adenauer's party,False
ADMIRAL MARTADINATA,ADMIRAL MARTADINATA,1,1,Person,Admiral Martadinata,False
ADOULA,ADOULA,1,1,Person,Adoula,False
ADRIANO MOREIRA,ADRIANO MOREIRA,1,1,Person,Adriano Moreira,False
AFGHAN ARMY,AFGHAN ARMY,1,1,Military,Afghan Army,False
AFGHAN ARMY UNIFORM FACTORY,AFGHAN ARMY UNIFORM FACTORY,1,1,Organization,Afghan army uniform factory,False
AFONSO ARINOS,ARINOS,1,1,Person,Afonso Arinos,True
AFRICAN EXILE GROUPS,AFRICAN EXILE GROUPS,1,1,PoliticalGroup,African exile groups,False
AFRICAN NATIONAL CONGRESS,AFRICAN NATIONAL CONGRESS,1,1,PoliticalGroup,African National Congress,False
AFRICAN NATIONAL CONGRESS (ANC),AFRICAN NATIONAL CONGRESS (ANC),1,1,PoliticalGroup,African National Congress (ANC),False
AFRICAN REVOLUTIONARY FRONT FOR THE INDEPENDENCE OF PORTUGUESE COLONIES IN AFRICA,AFRICAN REVOLUTIONARY FRONT FOR THE NATIONAL INDEPENDENCE OF PORTUGUESE COLONIES,1,1,Organization,African Revolutionary Front for the Independence of Portuguese Colonies in Africa,True
AFRICAN REVOLUTIONARY FRONT FOR THE NATIONAL INDEPENDENCE OF PORTUGUESE COLONIES,AFRICAN REVOLUTIONARY FRONT FOR THE NATIONAL INDEPENDENCE OF PORTUGUESE COLONIES,1,1,PoliticalGroup,African Revolutionary Front for the National Independence of Portuguese Colonies,False
AFRICAN REVOLUTIONARY FRONT FOR THE NATIONAL INDEPENDENCE OF PORTUGUESE COLONIES (FRAIN),AFRICAN REVOLUTIONARY FRONT FOR THE NATIONAL INDEPENDENCE OF PORTUGUESE COLONIES (FRAIN),1,1,PoliticalGroup,African Revolutionary Front for the National Independence of Portuguese Colonies (FRAIN),False
AFRO-ASIAN STATES,AFRO-ASIAN STATES,1,1,PoliticalGroup,Afro-Asian states,False
AHIDJO,AHIDJO,1,1,Person,Ahidjo,False
AIR FORCE COMMANDER,AIR FORCE COMMANDER,1,1,Person,air force commander,False
AIR MARSHAL SURYADARMA,AIR MARSHAL SURYADARMA,1,1,Person,Air Marshal Suryadarma,False
AKIF FAYIZ,AKIF FAYIZ,1,1,Person,Akif Fayiz,False
AKO ADJEI,AKO ADJEI,1,1,Person,Ako Adjei,False
ALBANIAN PARTY CONGRESS,ALBANIAN PARTY CONGRESS,1,1,Document,Albanian party congress,False
ALBANIAN WORKERS (COMMUNIST) PARTY,ALBANIAN WORKERS (COMMUNIST) PARTY,1,1,PoliticalGroup,Albanian Workers' (Communist) party,False
ALBERT DELVAUX,ALBERT DELVAUX,1,1,Person,Albert Delvaux,False
ALBERT KALONJI,KALONJI,1,1,Person,Albert Kalonji,True
ALDO MORO,ALDO MORO,1,1,Person,Aldo Moro,False
ALEXANDER,GENERAL ALEXANDER,1,1,Person,Alexander,True
ALGERIAN GOVERNMENT,PROVISIONAL ALGERIAN GOVERNMENT,1,1,Government,Algerian government,True
ALGERIAN NATIONAL MOVEMENT (MNA),ALGERIAN NATIONAL MOVEMENT (MNA),1,1,PoliticalGroup,Algerian National Movement (MNA),False
ALGERIAN PROVISIONAL GOVERNMENT,PROVISIONAL ALGERIAN GOVERNMENT,1,1,Government,Algerian Provisional Government,True
ALGERIAN PROVISIONAL GOVERNMENT (PAG),PROVISIONAL ALGERIAN GOVERNMENT,1,1,PoliticalGroup,Algerian provisional government (PAG),True
ALGERIAN REBEL GOVERNMENT,ALGERIAN REBEL GOVERNMENT,1,1,PoliticalGroup,Algerian rebel government,False
ALIONE DIAKITE,ALIONE DIAKITE,1,1,Person,Alione Diakite,False
AMBASSADOR DRUMRIGHT,AMBASSADOR DRUMRIGHT,1,1,Person,Ambassador Drumright,False
AMBASSADOR LODGE,AMBASSADOR LODGE,1,1,Person,Ambassador Lodge,False
AMBASSADOR REISCHAUER,AMBASSADOR REISCHAUER,1,1,Person,Ambassador Reischauer,False
AMERICAN AMBASSADOR JOHNSON,AMERICAN AMBASSADOR,1,1,Person,American ambassador Johnson,True
AMERICAN CONSUL GENERAL IN SALISBURY,AMERICAN CONSUL GENERAL IN SALISBURY,1,1,Person,American consul general in Salisbury,False
AMERICAN CONSULATE GENERAL IN HONG KONG,AMERICAN CONSULATE GENERAL IN HONG KONG,1,1,Organization,American Consulate General in Hong Kong,False
AMERICAN EMBASSY AT CAPETOWN,AMERICAN EMBASSY,1,1,Organization,American Embassy at Capetown,True
AMERICAN EMBASSY IN LEOPOLDVILLE,AMERICAN EMBASSY IN LEOPOLDVILLE,1,1,Organization,American Embassy in Leopoldville,False
AMERICAN EMBASSY IN TUNIS,AMERICAN EMBASSY,1,1,Organization,American Embassy in Tunis,True
ANDHRA PRADESH,ANDHRA PRADESH,1,1,Location,Andhra Pradesh,False
ANDRE RENARD,ANDRE RENARD,1,1,Person,Andre Renard,False
ANGLO-AMERICAN CONSORTIUM,ANGLO-AMERICAN CONSORTIUM,1,1,Organization,Anglo-American consortium,False
ANGLO-ITALIAN NEGOTIATING TEAM,ANGLO-ITALIAN NEGOTIATING TEAM,1,1,Organization,Anglo-Italian negotiating team,False
ANGOLA PEOPLES UNION,ANGOLAN PEOPLES UNION (UPA),1,1,PoliticalGroup,Angola People's Union,True
ANSAR,ANSAR SECT,1,1,ReligiousGroup,Ansar,True
ANSAR SECT,ANSAR SECT,1,1,ReligiousGroup,Ansar sect,False
ANTI-COMMUNIST TEACHERS,ANTI-COMMUNIST TEACHERS,1,1,Other,anti-Communist teachers,False
ANTI-FASCIST PEOPLES FREEDOM LEAGUE,ANTI-FASCIST PEOPLES FREEDOM LEAGUE,1,1,PoliticalGroup,Anti-Fascist People's Freedom League,False
ANTIGOVERNMENT,ANTIGOVERNMENT,1,1,PoliticalGroup,Antigovernment,False
ANTONIO PINTO BARBOSA,ANTONIO PINTO BARBOSA,1,1,Person,Antonio Pinto Barbosa,False
APRIL AND MAY REVOLUTIONARY PARTY,APRIL AND MAY REVOLUTIONARY PARTY,1,1,PoliticalGroup,April and May Revolutionary party,False
ARBENZ,ARBENZ,1,1,Person,Arbenz,False
ARDESHIR ZAHEDI,ARDESHIR ZAHEDI,1,1,Person,Ardeshir Zahedi,False
ARMANDO VELASQUEZ,ARMANDO VELASQUEZ,1,1,Person,Armando Velasquez,False
ARMED FORCES,ARMED FORCES,1,1,Military,armed forces,False
ASIA,ASIA,1,1,Location,Asia,False
ATAMAN,ATAMAN,1,1,Person,Ataman,False
ATHENS,ATHENS,1,1,Location,Athens,False
AUNG GYI,BRIGADIER AUNG GYI,1,1,Person,Aung Gyi,True
AUNG SHWE,AUNG SHWE,1,1,Person,Aung Shwe,False
AUTHENTIC MNR,AUTHENTIC MNR,1,1,PoliticalGroup,Authentic MNR,False
AVRO,AVRO,1,1,Organization,AVRO,False
AYUB KHAN,AYUB KHAN,1,1,Person,Ayub Khan,False
AYUB REGIME,AYUB REGIME,1,1,Government,Ayub regime,False
AZORES BASES AGREEMENT,AZORES BASES AGREEMENT,1,1,Other,Azores bases agreement,False
B. P. KOIRALA,KOIRALA,1,1,Person,B. P. Koirala,True
BAATH PARTY,BAATH PARTY,1,1,PoliticalGroup,Baath party,False
BADR,BADR,1,1,Person,Badr,False
BAGHDAD MILITARY COURT,BAGHDAD MILITARY COURT,1,1,Organization,Baghdad military court,False
BAGHDAD UNIVERSITY,BAGHDAD UNIVERSITY,1,1,Organization,Baghdad University,False
BAJAUR REGION,BAJAUR REGION,1,1,Location,Bajaur region,False
BALEWA,BALEWA,1,1,Person,Balewa,False
BALUBA FORCES,BALUBA FORCES,1,1,Military,Baluba forces,False
BALUBA IRREGULARS,BALUBA IRREGULARS,1,1,Military,Baluba irregulars,False
BAN PHA PHO,BAN PHA PHO,1,1,Location,Ban Pha Pho,False
BANI SAKHIR,BANI SAKHIR,1,1,Other,Bani Sakhir,False
BANI SAKHIR BEDOUIN TRIBE,BANI SAKHIR BEDOUIN TRIBE,1,1,Other,Bani Sakhir Bedouin tribe,False
BANK OF CHINA,BANK OF CHINA,1,1,Organization,Bank of China,False
BARROSO,BARROSO,1,1,Person,Barroso,False
BAYAR,BAYAR,1,1,Person,Bayar,False
BELGIAN ARMY,BELGIAN ARMY,1,1,Military,Belgian Army,False
BELGIAN DEFENSE MINISTRY,BELGIAN DEFENSE MINISTRY,1,1,Organization,Belgian Defense Ministry,False
BELGIAN FOREIGN MINISTRY,BELGIAN FOREIGN MINISTRY,1,1,Government,Belgian Foreign Ministry,False
BELGIAN GOVERNMENT,BELGIAN GOVERNMENT,1,1,Government,Belgian Government,False
BELGIAN MILITARY ADVISERS,BELGIAN MILITARY,1,1,Military,Belgian military advisers,True
BELGIAN TRUST TERRITORY OF RUANDA,BELGIAN TRUST TERRITORY OF RUANDA-URUNDI,1,1,Location,Belgian trust territory of Ruanda,True
BELGIAN TRUST TERRITORY OF RUANDA-URUNDI,BELGIAN TRUST TERRITORY OF RUANDA-URUNDI,1,1,Location,Belgian trust territory of Ruanda-Urundi,False
BELGIAN-CONTROLLED MINING COMPANY,BELGIAN-CONTROLLED MINING COMPANY,1,1,Organization,Belgian-controlled mining company,False
BELGRADE,BELGRADE,1,1,Location,Belgrade,False
BERLIN,BERLIN,1,1,Location,Berlin,False
BETANCOURT,PRESIDENT BETANCOURT,1,1,Person,Betancourt,True
BIG FOUR,BIG FOUR,1,1,PoliticalGroup,Big Four,False
BISHOP DIBELIUS,BISHOP DIBELIUS,1,1,Person,Bishop Dibelius,False
BOGOTA,BOGOTA,1,1,Location,Bogota,False
BOLIVIAN GOVERNMENT,BOLIVIAN GOVERNMENT,1,1,Government,Bolivian Government,False
BOLZANO PROVINCE,BOLZANO PROVINCE,1,1,Location,Bolzano Province,False
BONN FOREIGN MINISTRY,BONN FOREIGN MINISTRY,1,1,Organization,Bonn Foreign Ministry,False
BOUN OUM - PHOUMI GOVERNMENT,BOUN OUM GOVERNMENT,1,1,Government,Boun Oum - Phoumi government,True
BOUN OUM REGIME,BOUN OUM REGIME,1,1,PoliticalGroup,Boun Oum regime,False
BOURGUIBAISM,BOURGUIBAISM,1,1,Other,Bourguibaism,False
BRAZZAVILLE,BRAZZAVILLE,1,1,Location,Brazzaville,False
BREZHNEV,BREZHNEV,1,1,Person,Brezhnev,False
BRIGADIER AUNG GYI,BRIGADIER AUNG GYI,1,1,Person,Brigadier Aung Gyi,False
BRITISH BONDHOLDERS,BRITISH BONDHOLDERS,1,1,Other,British bondholders,False
BRITISH COLONIAL SECRETARY MACLEOD,BRITISH COLONIAL SECRETARY MACLEOD,1,1,Person,British Colonial Secretary Macleod,False
BRITISH EMBASSY,BRITISH EMBASSY,1,1,Organization,British Embassy,False
BRITISH FOREIGN OFFICE,BRITISH FOREIGN OFFICE,1,1,Organization,British Foreign Office,False
BRITISH OFFICIALS,BRITISH OFFICIALS,1,1,Organization,British officials,False
BUKAVU,BUKAVU,1,1,Location,Bukavu,False
BULGARIA,BULGARIA,1,1,Country,Bulgaria,False
BURMA TRADE UNION CONGRESS,BURMA TRADE UNION CONGRESS,1,1,PoliticalGroup,Burma Trade Union Congress,False
C-47,C-47,1,1,Other,C-47,False
CAMARA PINA,CAMARA PINA,1,1,Person,Camara Pina,False
CAMEROONS,BRITISH CAMEROONS,1,1,Location,Cameroons,True
CANADA,CANADA,1,1,Country,Canada,False
CANADIAN COMMUNICATIONS PERSONNEL,CANADIAN COMMUNICATIONS PERSONNEL,1,1,Other,Canadian communications personnel,False
CANADIAN DELEGATION,CANADIAN DELEGATION,1,1,PoliticalGroup,Canadian delegation,False
CANARY ISLANDS,CANARY ISLANDS,1,1,Location,Canary Islands,False
CAPE VERDE,CAPE VERDE,1,1,Location,Cape Verde,False
CAPE VERDE ISLANDS,CAPE VERDE ISLANDS,1,1,Location,Cape Verde Islands,False
CASABLANCA CONFERENCE,CASABLANCA CONFERENCE,1,1,Document,Casablanca Conference,False
CASTILLO NAVARRETE,COL. CASTILLO NAVARRETE,1,1,Person,Castillo Navarrete,True
CATHOLIC CHURCH,ROMAN CATHOLIC CHURCH,1,1,ReligiousGroup,Catholic Church,True
CENTO,CENTO,1,1,Organization,CENTO,False
CENTRAL COMMITTEE,SOVIET PARTY CENTRAL COMMITTEE,1,1,Organization,Central Committee,True
CENTRAL STATISTICAL BOARD,CENTRAL STATISTICAL BOARD,1,1,Organization,Central Statistical Board,False
CEYLONESE FINANCE MINISTER,CEYLONESE FINANCE MINISTER,1,1,Person,Ceylonese finance minister,False
"CHAIRMAN, ATOMIC ENERGY COMMISSION","CHAIRMAN, ATOMIC ENERGY COMMISSION",1,1,Person,"Chairman, Atomic Energy Commission",False
CHANG ADMINISTRATION,CHANG ADMINISTRATION,1,1,Government,Chang administration,False
CHANG GOVERNMENT,CHANG MYON GOVERNMENT,1,1,Government,Chang government,True
CHARLES DE GAULLE,CHARLES DE GAULLE,1,1,Person,Charles de Gaulle,False
CHE GUEVARA,CHE GUEVARA,1,1,Person,Che Guevara,False
CHIEF LUTHULI,CHIEF LUTHULI,1,1,Person,Chief Luthuli,False
CHIN,CHIN,1,1,Other,Chin,False
CHINESE COMMUNIST FORCES,CHINESE COMMUNIST FORCES,1,1,Military,Chinese Communist forces,False
CHINESE COMMUNIST GOVERNMENT,CHINESE COMMUNIST GOVERNMENT,1,1,Government,Chinese Communist Government,False
CHINESE COMMUNIST NAVY,CHINESE COMMUNIST NAVY,1,1,Military,Chinese Communist Navy,False
CHINESE COMMUNIST PARTY,CHINESE COMMUNIST PARTY,1,1,PoliticalGroup,Chinese Communist Party,False
CHINESE COMMUNIST TROOPS,CHINESE COMMUNIST TROOPS,1,1,Military,Chinese Communist troops,False
CHINESE NATIONALIST AIR FORCE,CHINESE NATIONALIST AIR FORCE,1,1,Military,Chinese Nationalist Air Force,False
CHINESE NATIONALIST IRREGULAR FORCES,CHINESE NATIONALIST IRREGULARS,1,1,Military,Chinese Nationalist irregular forces,True
CHINESE NATIONALIST IRREGULAR TROOPS,CHINESE NATIONALIST IRREGULARS,1,1,Military,Chinese Nationalist irregular troops,True
CHINESE NATIONALIST OFFICIALS,CHINESE NATIONALIST OFFICIALS,1,1,PoliticalGroup,Chinese Nationalist officials,False
CHINESE NATIONALIST TROOPS,CHINESE NATIONALIST TROOPS,1,1,Military,Chinese Nationalist troops,False
CHINESE NATIONALISTS,CHINESE NATIONALISTS,1,1,PoliticalGroup,Chinese Nationalists,False
CHOSEN SOREN,CHOSEN SOREN,1,1,PoliticalGroup,Chosen Soren,False
CHOU,CHOU,1,1,Person,Chou,False
CHRISTIAN DEMOCRATIC UNION,CHRISTIAN DEMOCRATIC UNION,1,1,PoliticalGroup,Christian Democratic Union,False
CIUDAD TRUJILLO,CIUDAD TRUJILLO,1,1,Location,Ciudad Trujillo,False
CIVIL-MILITARY JUNTA,CIVIL-MILITARY JUNTA,1,1,Government,civil-military junta,False
CNU,COMMITTEE OF NATIONAL UNION,1,1,PoliticalGroup,CNU,True
COL. CASTILLO NAVARRETE,COL. CASTILLO NAVARRETE,1,1,Person,Col. Castillo Navarrete,False
COLOMBIAN COMMUNIST PARTY,COLOMBIAN COMMUNIST PARTY,1,1,PoliticalGroup,Colombian Communist party,False
COLOMBIAN FOREIGN MINISTER TURBAY,COLOMBIAN FOREIGN MINISTER TURBAY,1,1,Person,Colombian Foreign Minister Turbay,False
COLOMBIAN GOVERNMENT,COLOMBIAN GOVERNMENT,1,1,Government,Colombian Government,False
COLONEL CASTILLO NAVARETTE,COLONEL CASTILLO NAVARETTE,1,1,Person,Colonel Castillo Navarette,False
COLONEL KHAMOUANE,COLONEL KHAMOUANE,1,1,Person,Colonel Khamouane,False
COLONEL LOPEZ,COLONEL LOPEZ,1,1,Person,Colonel Lopez,False
COLONEL MOBUTU,MOBUTU,1,1,Person,Colonel Mobutu,True
COLONEL PORTILLO,COLONEL ANIBAL PORTILLO,1,1,Person,Colonel Portillo,True
COLONEL ROGER TRINQUIER,COLONEL ROGER TRINQUIER,1,1,Person,Colonel Roger Trinquier,False
COLONEL YANEZ,COLONEL YANEZ,1,1,Person,Colonel Yanez,False
COLONIAL SECRETARY MACLEOD,BRITISH COLONIAL SECRETARY MACLEOD,1,1,Person,Colonial Secretary Macleod,True
COMMITTEE OF NATIONAL UNITY,COMMITTEE OF NATIONAL UNION,1,1,PoliticalGroup,Committee of National Unity,True
COMMONWEALTH,COMMONWEALTH,1,1,Organization,Commonwealth,False
COMMONWEALTH PRIME MINISTERS CONFERENCE,COMMONWEALTH PRIME MINISTERS CONFERENCE,1,1,Other,Commonwealth Prime Ministers’ Conference,False
COMMONWEALTH RELATIONS OFFICE,COMMONWEALTH RELATIONS OFFICE,1,1,Organization,Commonwealth Relations Office,False
COMMUNIST,COMMUNIST,1,1,PoliticalGroup,Communist,False
COMMUNIST ELEMENTS,COMMUNIST ELEMENTS,1,1,PoliticalGroup,Communist elements,False
COMMUNIST PARTIES,COMMUNIST PARTIES,1,1,PoliticalGroup,Communist parties,False
CONFEDERATION OF COLOMBIAN WORKERS,CONFEDERATION OF COLOMBIAN WORKERS,1,1,Organization,Confederation of Colombian Workers,False
CONFERENCE OF THE PEOPLES OF THE PORTUGUESE COLONIES,CONFERENCE OF THE PEOPLES OF THE PORTUGUESE COLONIES,1,1,Document,Conference of the Peoples of the Portuguese Colonies,False
CONGOLESE FACTIONS,CONGOLESE FACTIONS,1,1,PoliticalGroup,Congolese factions,False
CONGOLESE PARLIAMENT,CONGOLESE PARLIAMENT,1,1,Government,Congolese parliament,False
CONSERVATIVE NATIONALIST PARTY,CONSERVATIVE NATIONALIST PARTY,1,1,PoliticalGroup,Conservative Nationalist party,False
CONSERVATIVE PARTY,CONSERVATIVE PARTY,1,1,PoliticalGroup,Conservative party,False
COUVE DE MURVILLE,COUVE DE MURVILLE,1,1,Person,Couve de Murville,False
CROWN PRINCE BADR,CROWN PRINCE BADR,1,1,Person,Crown Prince Badr,False
CROWN PRINCE FAYSAL,CROWN PRINCE FAYSAL,1,1,Person,Crown Prince Faysal,False
CROWN PRINCE MOULAY HASSAN,CROWN PRINCE MOULAY HASSAN,1,1,Person,Crown Prince Moulay Hassan,False
CUBAN COMMUNISTS,CUBAN COMMUNISTS,1,1,PoliticalGroup,Cuban Communists,False
CUBAN COMMUNISTS POPULAR SOCIALIST PARTY,CUBAN COMMUNISTS POPULAR SOCIALIST PARTY,1,1,PoliticalGroup,Cuban Communists' Popular Socialist party,False
CUBAN EMBASSY,CUBAN EMBASSY,1,1,Organization,Cuban Embassy,False
CUBAN GOVERNMENT,CUBAN GOVERNMENT,1,1,Government,Cuban government,False
CUBAN NATIONAL DAY,CUBAN NATIONAL DAY,1,1,Other,Cuban National Day,False
CUBAN REVOLUTIONARY COUNCIL,CUBAN REVOLUTIONARY COUNCIL,1,1,PoliticalGroup,Cuban Revolutionary Council,False
CYPRUS GOVERNMENT,CYPRUS GOVERNMENT,1,1,Government,Cyprus government,False
CYRANKIEWICZ,CYRANKIEWICZ,1,1,Person,Cyrankiewicz,False
CYRILLE ADOULA,CYRILLE ADOULA,1,1,Person,Cyrille Adoula,False
CZECH OFFICIAL,CZECH OFFICIAL,1,1,Person,Czech official,False
CZECHOSLOVAK AIRLINES,CZECHOSLOVAK AIRLINES,1,1,Organization,Czechoslovak Airlines,False
DAGABUR,DAGABUR,1,1,Location,Dagabur,False
DAI VIET PARTY,DAI VIET PARTY,1,1,PoliticalGroup,Dai Viet party,False
DAUD,DAUD,1,1,Person,Daud,False
DEAN ACHESON,DEAN ACHESON,1,1,Person,Dean Acheson,False
DEFENSE LOAN FUND,DEFENSE LOAN FUND,1,1,Organization,Defense Loan Fund,False
DEFENSE MINISTER BOTELHO MONIZ,DEFENSE MINISTER BOTELHO MONIZ,1,1,Person,Defense Minister Botelho Moniz,False
DEFENSE MINISTER CASTILLO,DEFENSE MINISTER CASTILLO,1,1,Person,Defense Minister Castillo,False
DELGADO,GENERAL DELGADO,1,1,Person,Delgado,True
DEPUTY FOREIGN MINISTER HAJEK,DEPUTY FOREIGN MINISTER HAJEK,1,1,Person,Deputy Foreign Minister Hajek,False
DEPUTY FOREIGN MINISTER PUSHKIN,DEPUTY FOREIGN MINISTER PUSHKIN,1,1,Person,Deputy Foreign Minister Pushkin,False
DIEM REGIME,DIEM REGIME,1,1,Government,Diem regime,False
"DIRECTOR, FEDERAL BUREAU OF INVESTIGATION","DIRECTOR, FEDERAL BUREAU OF INVESTIGATION",1,1,Person,"Director, Federal Bureau of Investigation",False
"DIRECTOR, INTERNATIONAL COOPERATION ADMINISTRATION","DIRECTOR, INTERNATIONAL COOPERATION ADMINISTRATION",1,1,Person,"Director, International Cooperation Administration",False
"DIRECTOR, NATIONAL INDICATIONS CENTER","DIRECTOR, NATIONAL INDICATIONS CENTER",1,1,Person,"Director, National Indications Center",False
"DIRECTOR, NATIONAL SECURITY AGENCY","DIRECTOR, NATIONAL SECURITY AGENCY",1,1,Person,"Director, National Security Agency",False
"DIRECTOR, UNITED STATES INFORMATION AGENCY","DIRECTOR, UNITED STATES INFORMATION AGENCY",1,1,Person,"Director, United States Information Agency",False
DNEPROGES,DNEPROGES,1,1,Other,Dneproges,False
DOCTOR MATTHEWS,DOCTOR MATTHEWS,1,1,Person,Doctor Matthews,False
DOCTOR ZUMA,DOCTOR ZUMA,1,1,Person,Doctor Zuma,False
DOLINSK,DOLINSK,1,1,Military,Dolinsk,False
DOMINICAN DICTATOR TRUJILLO,DOMINICAN DICTATOR TRUJILLO,1,1,Person,Dominican dictator Trujillo,False
DOMINICAN MILITARY INTELLIGENCE SERVICE (SIM),DOMINICAN MILITARY INTELLIGENCE SERVICE (SIM),1,1,Organization,Dominican Military Intelligence Service (SIM),False
DOMINION PARTY,DOMINION PARTY,1,1,PoliticalGroup,Dominion party,False
DR. FABIO CASTILLO,DR. FABIO CASTILLO,1,1,Person,Dr. Fabio Castillo,False
DR. ISRAEL BAER,DR. ISRAEL BAER,1,1,Person,Dr. Israel Baer,False
DR. JOSE ANTONIO RODRIGUEZ PORTH,DR. JOSE ANTONIO RODRIGUEZ PORTH,1,1,Person,Dr. Jose Antonio Rodriguez Porth,False
DR. RODRIGUEZ PORTH,DR. JOSE ANTONIO RODRIGUEZ PORTH,1,1,Person,Dr. Rodriguez Porth,True
DRV,DRV,1,1,Country,DRV,False
DUTCH,DUTCH,1,1,Country,Dutch,False
EAST BERLIN,EAST BERLIN,1,1,Location,East Berlin,False
ECUADOREAN GOVERNMENT,ECUADOREAN GOVERNMENT,1,1,Government,Ecuadorean Government,False
EFTA,EFTA,1,1,Organization,EFTA,False
EIB,EIB,1,1,Organization,EIB,False
EISAKU SATO,EISAKU SATO,1,1,Person,Eisaku Sato,False
ELISABETHVILLE AIRPORT,ELISABETHVILLE AIRPORT,1,1,Location,Elisabethville airport,False
EMPEROR,EMPEROR,1,1,Person,Emperor,False
ENRIQUE GALVAO,HENRIQUE GALVAO,1,1,Person,Enrique Galvao,True
EOKA,EOKA,1,1,Organization,EOKA,False
EQUATEUR,EQUATEUR PROVINCE,1,1,Location,Equateur,True
ETHIOPIAN TROOPS,ETHIOPIAN TROOPS,1,1,Military,Ethiopian troops,False
EUROPEAN COMMON MARKET,EUROPEAN COMMON MARKET,1,1,Organization,European Common Market,False
EUROPEAN COMMON MARKET (EEC),COMMON MARKET,1,1,Organization,European Common Market (EEC),True
EVANGELICAL CHURCH,EVANGELICAL CHURCH,1,1,ReligiousGroup,Evangelical Church,False
EYSKENS,PREMIER EYSKENS,1,1,Person,Eyskens,True
EYSKENS GOVERNMENT,EYSKENS GOVERNMENT,1,1,Government,Eyskens government,False
EYSKENS SOCIAL CHRISTIAN - LIBERAL GOVERNMENT,EYSKENS SOCIAL CHRISTIAN - LIBERAL GOVERNMENT,1,1,Government,Eyskens' Social Christian - Liberal government,False
FABIO CASTILLO,DR. FABIO CASTILLO,1,1,Person,Fabio Castillo,True
FANFANI CABINET,FANFANI CABINET,1,1,Government,Fanfani cabinet,False
FAYSAL,FAYSAL,1,1,Person,Faysal,False
FAZIL KUCHUK,FAZIL KUCHUK,1,1,Person,Fazil Kuchuk,False
FELICIANO AVELAR,FELICIANO AVELAR,1,1,Person,Feliciano Avelar,False
FERNANDO POO ISLAND,FERNANDO POO ISLAND,1,1,Location,Fernando Poo Island,False
FEYZIOGLU,FEYZIOGLU,1,1,Person,Feyzioglu,False
FINANCE MINISTER MIZUTA,FINANCE MINISTER MIZUTA,1,1,Person,Finance Minister Mizuta,False
FINANCE MINISTER SHAHA,FINANCE MINISTER SHAHA,1,1,Person,Finance Minister Shaha,False
FLN,FLN,1,1,PoliticalGroup,FLN,False
FOREIGN MINISTER WIGNY,FOREIGN MINISTER WIGNY,1,1,Person,Foreign Minister Wigny,False
FRANCISCO CARLOS DE CASTRO NEVES,FRANCISCO CARLOS DE CASTRO NEVES,1,1,Person,Francisco Carlos de Castro Neves,False
FRANCOIS DUVALIER,FRANCOIS DUVALIER,1,1,Person,Francois Duvalier,False
FRANKFURT PAPER,FRANKFURT PAPER,1,1,Document,Frankfurt paper,False
FRENCH,FRENCH GOVERNMENT,1,1,Government,French,True
FRENCH AIR FORCE,FRENCH AIR FORCE,1,1,Military,French Air Force,False
FRENCH FOREIGN MINISTER COUVE DE MURVILLE,FRENCH FOREIGN MINISTER COUVE DE MURVILLE,1,1,Person,French Foreign Minister Couve de Murville,False
FRENCH MILITARY,FRENCH MILITARY,1,1,Military,French military,False
FRENCH REPRESENTATION IN LAOS,FRENCH REPRESENTATION IN LAOS,1,1,Organization,French representation in Laos,False
FRENCH TROOPS,FRENCH TROOPS,1,1,Military,French troops,False
FRONT FOR FRENCH ALGERIA,FRONT FOR FRENCH ALGERIA,1,1,PoliticalGroup,Front for French Algeria,False
G. P. MALALASEKERA,G. P. MALALASEKERA,1,1,Person,G. P. Malalasekera,False
GABREDARRE,GABREDARRE,1,1,Location,Gabredarre,False
GALVAO,GALVAO,1,1,Person,Galvao,False
GARY POWERS,GARY POWERS,1,1,Person,Gary Powers,False
GAVIN,GAVIN,1,1,Person,Gavin,False
GBENYE,GBENYE,1,1,Person,Gbenye,False
GENERAL ABBOUD,ABBOUD,1,1,Person,General Abboud,True
GENERAL ALEXANDER,GENERAL ALEXANDER,1,1,Person,General Alexander,False
GENERAL BELEZA FERRAZ,GENERAL BELEZA FERRAZ,1,1,Person,General Beleza Ferraz,False
GENERAL CHALLE,GENERAL MAURICE CHALLE,1,1,Person,General Challe,True
GENERAL CLARK,GENERAL CLARK,1,1,Person,General Clark,False
GENERAL CONFEDERATION OF LABOR,GENERAL CONFEDERATION OF LABOR,1,1,Organization,General Confederation of Labor,False
GENERAL DAWEE,GENERAL DAWEE,1,1,Person,General Dawee,False
GENERAL DELGADO,GENERAL DELGADO,1,1,Person,General Delgado,False
GENERAL FEDERATION OF BELGIAN WORKERS,GENERAL FEDERATION OF BELGIAN WORKERS,1,1,Organization,General Federation of Belgian Workers,False
GENERAL FEDERATION OF BELGIAN WORKERS (FGTB),GENERAL FEDERATION OF BELGIAN WORKERS (FGTB),1,1,Organization,General Federation of Belgian Workers (FGTB),False
GENERAL HEDAYAT,GENERAL HEDAYAT,1,1,Person,General Hedayat,False
GENERAL KHANH,GENERAL KHANH,1,1,Person,General Khanh,False
GENERAL MACARTHUR,GENERAL MACARTHUR,1,1,Person,General MacArthur,False
GENERAL MAURICE CHALLE,GENERAL MAURICE CHALLE,1,1,Person,General Maurice Challe,False
GENERAL MENGHISTU,GENERAL MENGHISTU,1,1,Person,General Menghistu,False
GENERAL MOBUTU,MOBUTU,1,1,Person,General Mobutu,True
GENERAL NGUYEN CHI THANH,GENERAL NGUYEN CHI THANH,1,1,Person,General Nguyen Chi Thanh,False
GENERAL TIMUR BAKHTIAR,GENERAL TIMUR BAKHTIAR,1,1,Person,General Timur Bakhtiar,False
GENERAL TORANZO MONTERO,GENERAL TORANZO MONTERO,1,1,Person,General Toranzo Montero,False
GENERAL VO NGUYEN GIAP,GENERAL VO NGUYEN GIAP,1,1,Person,General Vo Nguyen Giap,False
GENERALISSIMO RAFAEL TRUJILLO,GENERALISSIMO RAFAEL TRUJILLO,1,1,Person,Generalissimo Rafael Trujillo,False
GENEVA AGREEMENTS,GENEVA AGREEMENTS,1,1,Document,Geneva Agreements,False
GENEVA CO-CHAIRMEN,GENEVA CO-CHAIRMEN,1,1,Other,Geneva co-chairmen,False
GEORGIA,GEORGIA,1,1,Location,Georgia,False
GERMAN DEMOCRATIC UNION,GERMAN DEMOCRATIC UNION,1,1,PoliticalGroup,German Democratic Union,False
GERMAN FOREIGN MINISTRY,GERMAN FOREIGN MINISTRY,1,1,Government,German Foreign Ministry,False
GERMANY,GERMANY,1,1,Country,Germany,False
GHANAIAN UN TROOPS,GHANAIAN UN TROOPS,1,1,Military,Ghanaian UN troops,False
GIOVANNI MALAGODI,GIOVANNI MALAGODI,1,1,Person,Giovanni Malagodi,False
GIZENGAS REGIME,GIZENGA REGIME,1,1,PoliticalGroup,Gizenga's regime,True
GORKHA PARISHAD,GORKHA PARISHAD,1,1,PoliticalGroup,Gorkha Parishad,False
GOVERNMENT FORCES,GOVERNMENT FORCES,1,1,Government,Government forces,False
GREAT BRITAIN,BRITAIN,1,1,Country,Great Britain,True
GUANTANAMO,GUANTANAMO,1,1,Location,Guantanamo,False
GUILLAUME,GUILLAUME,1,1,Person,Guillaume,False
HAARETZ,HAARETZ,1,1,Organization,Haaretz,False
HABES MAJALLI,HABES MAJALLI,1,1,Person,Habes Majalli,False
HABIB BOURGUIBA,BOURGUIBA,1,1,Person,Habib Bourguiba,True
HANKOW,HANKOW,1,1,Location,Hankow,False
HARBIN,HARBIN,1,1,Location,Harbin,False
HAVANA,HAVANA,1,1,Location,Havana,False
HAYATO IKEDA,HAYATO IKEDA,1,1,Person,Hayato Ikeda,False
HO CHI MINH,HO CHI MINH,1,1,Person,Ho Chi Minh,False
HOLDEN ROBERTO,ROBERTO HOLDEN,1,1,Person,Holden Roberto,True
HONDURAS,HONDURAS,1,1,Country,Honduras,False
HOSSEIN QODS-NAKHAI,HOSSEIN QODS-NAKHAI,1,1,Person,Hossein Qods-Nakhai,False
HOXHA,ENVER HOXHA,1,1,Person,Hoxha,True
HUMBERTO DELGADO,HUMBERTO DELGADO,1,1,Person,Humberto Delgado,False
HUNGARY,HUNGARY,1,1,Country,Hungary,False
HUNZA,HUNZA,1,1,Location,Hunza,False
HUSAYN,KING HUSAYN,1,1,Person,Husayn,True
IBERIAN LIBERATION MOVEMENT,IBERIAN LIBERATION MOVEMENT,1,1,PoliticalGroup,Iberian Liberation Movement,False
IBRD,IBRD,1,1,Organization,IBRD,False
IKEDA GOVERNMENT,IKEDA GOVERNMENT,1,1,Government,Ikeda government,False
IL-14,IL-14,1,1,Other,IL-14,False
IMAM,IMAM,1,1,Person,Imam,False
IMAM OF YEMEN,IMAM OF YEMEN,1,1,Person,Imam of Yemen,False
INDIAN AMBASSADOR,INDIAN AMBASSADOR RATNAM,1,1,Person,Indian ambassador,True
INDIAN AMBASSADOR RATNAM,INDIAN AMBASSADOR RATNAM,1,1,Person,Indian Ambassador Ratnam,False
INDIAN CHAIRMAN,INDIAN CHAIRMAN OF THE ICC,1,1,Person,Indian chairman,True
INDIAN CHAIRMAN OF THE ICC,INDIAN CHAIRMAN OF THE ICC,1,1,Person,Indian chairman of the ICC,False
INDIAN GOVERNMENT,INDIAN GOVERNMENT,1,1,Government,Indian Government,False
INDIAN TROOPS,INDIAN TROOPS,1,1,Military,Indian troops,False
INDONESIAN COMMUNIST PARTY,INDONESIAN COMMUNIST PARTY,1,1,PoliticalGroup,Indonesian Communist Party,False
INDONESIAN PRESIDENT SUKARNO,INDONESIAN PRESIDENT SUKARNO,1,1,Person,Indonesian President Sukarno,False
INONU,INONU,1,1,Person,Inonu,False
INTER-AMERICAN CONFERENCE,INTER-AMERICAN CONFERENCE,1,1,Document,Inter-American Conference,False
INTER-AMERICAN DEVELOPMENT BANK,INTER-AMERICAN DEVELOPMENT BANK,1,1,Organization,Inter-American Development Bank,False
INTERIOR MINISTER MUNONGO,INTERIOR MINISTER MUNONGO,1,1,Person,Interior Minister Munongo,False
INTERNATIONAL CONTROL COMMISSION (ICC),INTERNATIONAL CONTROL COMMISSION,1,1,Organization,International Control Commission (ICC),True
INTERNATIONAL CONTROL COMMISSION FOR LAOS,INTERNATIONAL CONTROL COMMISSION,1,1,Organization,International Control Commission for Laos,True
INTERNATIONAL COOPERATION ADMINISTRATION,INTERNATIONAL COOPERATION ADMINISTRATION,1,1,Organization,International Cooperation Administration,False
INTERNATIONAL MONETARY FUND,INTERNATIONAL MONETARY FUND,1,1,Organization,International Monetary Fund,False
INTERNATIONAL RED CROSS,INTERNATIONAL RED CROSS,1,1,Organization,International Red Cross,False
IPC,IRAQ PETROLEUM COMPANY,1,1,Organization,IPC,True
IRANIAN GOVERNMENT,IRANIAN GOVERNMENT,1,1,Government,Iranian Government,False
IRAQ PETROLEUM COMPANY (IPC),IRAQ PETROLEUM COMPANY,1,1,Organization,Iraq Petroleum Company (IPC),True
IRAQI COMMUNISTS,IRAQI COMMUNISTS,1,1,PoliticalGroup,Iraqi Communists,False
IRAQI MILITARY COURTS,IRAQI MILITARY COURTS,1,1,Organization,Iraqi military courts,False
ITALIAN GOVERNMENT,ITALIAN GOVERNMENT,1,1,Government,Italian Government,False
ITALIAN LIBERAL PARTY,ITALIAN LIBERAL PARTY,1,1,PoliticalGroup,Italian Liberal party,False
ITALIAN SOCIAL MOVEMENT,ITALIAN SOCIAL MOVEMENT,1,1,PoliticalGroup,Italian Social Movement,False
JACQUES SOUSTELLE,JACQUES SOUSTELLE,1,1,Person,Jacques Soustelle,False
JOMO KENYATTA,JOMO KENYATTA,1,1,Person,Jomo Kenyatta,False
JORDANIAN AGENTS,JORDANIAN AGENTS,1,1,Other,Jordanian agents,False
JOSE ANTONIO RODRIGUEZ PORTH,DR. JOSE ANTONIO RODRIGUEZ PORTH,1,1,Person,Jose Antonio Rodriguez Porth,True
JOSE ENRIQUE VALIENTE,JOSE ENRIQUE VALIENTE,1,1,Person,Jose Enrique Valiente,False
JOSHUA NKOMO,JOSHUA NKOMO,1,1,Person,Joshua Nkomo,False
JULIUS NYERERE,JULIUS NYERERE,1,1,Person,Julius Nyerere,False
JULIUS RAAB,JULIUS RAAB,1,1,Person,Julius Raab,False
K. P. S. MENON,K. P. S. MENON,1,1,Person,K. P. S. Menon,False
KABALO,KABALO,1,1,Location,Kabalo,False
KACHIN,KACHIN,1,1,Other,Kachin,False
KADU,KENYA AFRICAN DEMOCRATIC UNION,1,1,PoliticalGroup,KADU,True
KAHAMA,KAHAMA,1,1,Person,Kahama,False
KAKWANGA,KAKWANGA,1,1,Location,Kakwanga,False
KAMINA AIR BASE,KAMINA AIR BASE,1,1,Location,Kamina air base,False
KANU,KENYA AFRICAN NATIONAL UNION,1,1,PoliticalGroup,KANU,True
KAPUSTIN YAR MISSILE TEST RANGE,KAPUSTIN YAR MISSILE TEST RANGE,1,1,Location,Kapustin Yar missile test range,False
KARACHI,KARACHI,1,1,Location,Karachi,False
KARAKORAM MOUNTAIN RANGE,KARAKORAM MOUNTAIN RANGE,1,1,Location,Karakoram mountain range,False
KARBALA,KARBALA,1,1,Location,Karbala,False
KAREN,KAREN,1,1,Other,Karen,False
KASAVUBU GOVERNMENT,KASAVUBU/MOBUTU GOVERNMENT,1,1,Government,Kasavubu government,True
KASHMIR,KASHMIR,1,1,Location,Kashmir,False
KATANGA REGIME,KATANGA REGIME,1,1,PoliticalGroup,Katanga regime,False
KATMANDU,KATMANDU,1,1,Location,Katmandu,False
KAZAKH REPUBLIC,KAZAKH REPUBLIC,1,1,Location,Kazakh Republic,False
KAZAKHSTAN,KAZAKHSTAN,1,1,Location,Kazakhstan,False
KEITA,KEITA,1,1,Person,Keita,False
KENYA AFRICAN DEMOCRATIC UNION,KENYA AFRICAN DEMOCRATIC UNION,1,1,PoliticalGroup,Kenya African Democratic Union,False
KENYA AFRICAN NATIONAL UNION,KENYA AFRICAN NATIONAL UNION,1,1,PoliticalGroup,Kenya African National Union,False
KENYATTA,JOMO KENYATTA,1,1,Person,Kenyatta,True
KEP AIRFIELD,KEP AIRFIELD,1,1,Location,Kep Airfield,False
KHAM KONG,KHAM KONG,1,1,Person,Kham Kong,False
KHAMSOUK,KHAMSOUK KEOLA,1,1,Person,Khamsouk,True
KHARKOV,KHARKOV,1,1,Location,Kharkov,False
KHARTOUM,KHARTOUM,1,1,Location,Khartoum,False
KIEV,KIEV,1,1,Location,Kiev,False
KIM IL-SUNG,KIM IL-SUNG,1,1,Person,Kim Il-sung,False
KIMBA,KIMBA,1,1,Person,Kimba,False
KING,KING,1,1,Other,King,False
KING MOHAMMED V,KING MOHAMMED V,1,1,Person,King Mohammed V,False
KING OF LAOS,KING OF LAOS,1,1,Person,King of Laos,False
KING SISAVANG VONG,KING SISAVANG VONG,1,1,Person,King Sisavang Vong,False
KIRKUK,KIRKUK,1,1,Location,Kirkuk,False
KISHI GOVERNMENT,KISHI GOVERNMENT,1,1,Government,Kishi government,False
KIVU PROVINCES,KIVU PROVINCE,1,1,Location,Kivu Provinces,True
KO CHONG-HUN,KO CHONG-HUN,1,1,Person,Ko Chong-hun,False
KOCO TASHKO,KOCO TASHKO,1,1,Person,Koco Tashko,False
KOIRALA,KOIRALA,1,1,Person,Koirala,False
KONG LAP,KONG LAP,1,1,Location,Kong Lap,False
KONGOLO,KONGOLO,1,1,Location,Kongolo,False
KRUG,KRUG,1,1,Organization,KRUG,False
KRUPP INDUSTRIAL ENTERPRISES,KRUPP INDUSTRIAL ENTERPRISES,1,1,Organization,Krupp industrial enterprises,False
KUCHUK,KUCHUK,1,1,Person,Kuchuk,False
KUMYKIN,KUMYKIN,1,1,Person,Kumykin,False
KUNMING,KUNMING,1,1,Location,Kunming,False
KUWAIT,KUWAIT,1,1,Country,Kuwait,False
KWANGTUNG,KWANGTUNG,1,1,Location,Kwangtung,False
KYAW DUN,KYAW DUN,1,1,Person,Kyaw Dun,False
LA PAZ,LA PAZ,1,1,Location,La Paz,False
LABOR UNION LEADERS,LABOR UNION LEADERS,1,1,Other,labor union leaders,False
LAI MING-TANG,LAI MING-TANG,1,1,Person,Lai Ming-tang,False
LAK SAO,LAK SAO,1,1,Location,Lak Sao,False
LAO GOVERNMENT,LAO GOVERNMENT,1,1,Government,Lao government,False
LAOTIAN MILITARY ESTABLISHMENT,LAOTIAN MILITARY ESTABLISHMENT,1,1,Military,Laotian military establishment,False
LAOTIAN NATIONAL MILITARY COMMITTEE,LAOTIAN NATIONAL MILITARY COMMITTEE,1,1,Organization,Laotian National Military Committee,False
LAS VILLAS PROVINCE,LAS VILLAS PROVINCE,1,1,Location,Las Villas Province,False
LATIN AMERICA,LATIN AMERICA,1,1,Location,Latin America,False
LATIN AMERICAN NATIONS,LATIN AMERICAN NATIONS,1,1,Other,Latin American nations,False
LE DUAN,LE DUAN,1,1,Person,Le Duan,False
LEAGUE OF RED CROSS SOCIETIES,LEAGUE OF RED CROSS SOCIETIES,1,1,Organization,League of Red Cross Societies,False
LEBANESE AUTHORITIES,LEBANESE AUTHORITIES,1,1,Government,Lebanese authorities,False
LEBANON,LEBANON,1,1,Country,Lebanon,False
LEFEVRE,THEO LEFEVRE,1,1,Person,Lefevre,True
LENINGRAD,LENINGRAD,1,1,Location,Leningrad,False
LEONID SEDOV,LEONID SEDOV,1,1,Person,Leonid Sedov,False
LEOPOLDVILLE GROUP,LEOPOLDVILLE GROUP,1,1,PoliticalGroup,Leopoldville group,False
LEOPOLDVILLE PROVINCE,LEOPOLDVILLE PROVINCE,1,1,Location,Leopoldville Province,False
LIBERAL-DEMOCRATIC PARTY,LIBERAL-DEMOCRATIC PARTY,1,1,PoliticalGroup,Liberal-Democratic party,False
LIBERAL-DEMOCRATIC PARTY (LDP),LIBERAL-DEMOCRATIC PARTY (LDP),1,1,PoliticalGroup,Liberal-Democratic Party (LDP),False
LIBERALS,LIBERALS,1,1,PoliticalGroup,Liberals,False
LIBERATION ARMY OF SOUTH VIETNAM,LIBERATION ARMY OF SOUTH VIETNAM,1,1,Military,Liberation Army of South Vietnam,False
LIEGE,LIEGE,1,1,Location,Liege,False
LIFE ABROAD,LIFE ABROAD,1,1,Organization,Life Abroad,False
LIRI BELISHOVA,LIRI BELISHOVA,1,1,Person,Liri Belishova,False
LIU SHAO-CHI,LIU SHAO-CHI,1,1,Person,Liu Shao-chi,False
LOBITO,LOBITO,1,1,Location,Lobito,False
LOCKHEED,LOCKHEED,1,1,Organization,Lockheed,False
LOWER CONGO,LOWER CONGO,1,1,Location,Lower Congo,False
LT. COL. BUSIRI,LT. COL. BUSIRI,1,1,Person,Lt. Col. Busiri,False
LT. COL. JULIO RIVERA,JULIO RIVERA,1,1,Person,Lt. Col. Julio Rivera,True
LU TING-YI,LU TING-YI,1,1,Person,Lu Ting-yi,False
LUALABA,LUALABA,1,1,Location,Lualaba,False
LUCIO LARA,LUCIO LARA,1,1,Person,Lucio Lara,False
LULUABOURG,LULUABOURG,1,1,Location,Luluabourg,False
LUMUMBA COMMAND,LUMUMBA COMMAND,1,1,Organization,Lumumba command,False
LUXEMBOURG,LUXEMBOURG,1,1,Country,Luxembourg,False
M. A. SUSLOV,M. A. SUSLOV,1,1,Person,M. A. Suslov,False
MAHENDRA,KING MAHENDRA,1,1,Person,Mahendra,True
MAJALLI,MAJALLI,1,1,Person,Majalli,False
MAJLIS,MAJLIS,1,1,Government,Majlis,False
MAJOR GENERAL AKASH ZABIN,MAJOR GENERAL AKASH ZABIN,1,1,Person,Major General Akash Zabin,False
MAJOR GENERAL HASAN BASHIR NASR,MAJOR GENERAL HASAN BASHIR NASR,1,1,Person,Major General Hasan Bashir Nasr,False
MAKKI ABBAS,MAKKI ABBAS,1,1,Person,Makki Abbas,False
MALAYAN PRIME MINISTER RAHMAN,MALAYAN PRIME MINISTER RAHMAN,1,1,Person,Malayan Prime Minister Rahman,False
MANUEL GOMES DE ARAUJO,MANUEL GOMES DE ARAUJO,1,1,Person,Manuel Gomes de Araujo,False
MANZIKALA,MANZIKALA,1,1,Person,Manzikala,False
MAPAI,MAPAI,1,1,PoliticalGroup,Mapai,False
MAPAM,MAPAM,1,1,PoliticalGroup,Mapam,False
MARCELLO CAETANO,MARCELLO CAETANO,1,1,Person,Marcello Caetano,False
MARCENIO CAETANO,MARCENIO CAETANO,1,1,Person,Marcenio Caetano,False
MARIO MENDEZ MONTENEGRO,MARIO MENDEZ MONTENEGRO,1,1,Person,Mario Mendez Montenegro,False
MARIO SILVA,MARIO SILVA,1,1,Person,Mario Silva,False
MARSHAL ALPHONSE JUIN,MARSHAL ALPHONSE JUIN,1,1,Person,Marshal Alphonse Juin,False
MARSHAL CRAVEIRO LOPES,MARSHAL CRAVEIRO LOPES,1,1,Person,Marshal Craveiro Lopes,False
MASMOUDI,MASMOUDI,1,1,Person,Masmoudi,False
MASSA,MASSA,1,1,Person,Massa,False
MATHIAS,MATHIAS,1,1,Person,Mathias,False
MAUNG MAUNG,BRIGADIER MAUNG MAUNG,1,1,Person,Maung Maung,True
MAURICE CHALLE,GENERAL MAURICE CHALLE,1,1,Person,Maurice Challe,True
MBOYA,MBOYA,1,1,Person,Mboya,False
MCCLOY,MCCLOY,1,1,Person,McCloy,False
MEHMET SHEHU,MEHMET SHEHU,1,1,Person,Mehmet Shehu,False
MEKONG RIVER,MEKONG RIVER,1,1,Location,Mekong River,False
MENDERES,MENDERES,1,1,Person,Menderes,False
MENGHISTU NEWAY,MENGHISTU NEWAY,1,1,Person,Menghistu Neway,False
MENSHIKOV,MENSHIKOV,1,1,Person,Menshikov,False
MEO GUERRILLAS,MEO GUERRILLAS,1,1,Military,Meo guerrillas,False
MEO TRIBESMEN,MEO TRIBESMEN,1,1,Other,Meo tribesmen,False
MEXICAN AMBASSADOR,MEXICAN AMBASSADOR,1,1,Person,Mexican ambassador,False
MEXICAN FOREIGN MINISTER TELLO,MEXICAN FOREIGN MINISTER TELLO,1,1,Person,Mexican Foreign Minister Tello,False
MICHEL AFLAQ,MICHEL AFLAQ,1,1,Person,Michel Aflaq,False
MIDDLE EAST,MIDDLE EAST,1,1,Location,Middle East,False
MIKHAIL SUSLOV,MIKHAIL SUSLOV,1,1,Person,Mikhail Suslov,False
MILITARY,MILITARY,1,1,Military,Military,False
MILITARY GOVERNOR ABDI,MILITARY GOVERNOR ABDI,1,1,Person,Military Governor Abdi,False
MILITARY-CIVILIAN JUNTA,MILITARY-CIVILIAN JUNTA,1,1,Government,military-civilian junta,False
MINE CORPORATION OF BOLIVIA (COMIBOL),MINE CORPORATION OF BOLIVIA (COMIBOL),1,1,Organization,Mine Corporation of Bolivia (COMIBOL),False
MINISTER OF DEFENSE MONIZ,DEFENSE MINISTER BOTELHO MONIZ,1,1,Person,Minister of Defense Moniz,True
MINISTRY OF AGRICULTURE,MINISTRY OF AGRICULTURE,1,1,Organization,Ministry of Agriculture,False
MINISTRY OF DEFENSE,MINISTRY OF DEFENSE,1,1,Government,Ministry of Defense,False
MIRANDA LUPONE,MIRANDA LUPONE,1,1,Person,Miranda Lupone,False
MOBUTU REGIME,MOBUTU REGIME,1,1,Government,Mobutu regime,False
MODIBO KEITA,MODIBO KEITA,1,1,Person,Modibo Keita,False
MOGADISCIO,MOGADISCIO,1,1,Location,Mogadiscio,False
MOKADDEM,MOKADDEM,1,1,Person,Mokaddem,False
MONARCHISTS,MONARCHISTS,1,1,PoliticalGroup,Monarchists,False
MONG PA LIAO,MONG PA LIAO,1,1,Location,Mong Pa Liao,False
MONS,MONS,1,1,Location,Mons,False
MONSIGNOR MANUEL MENDES DAS NEVES,MONSIGNOR MANUEL MENDES DAS NEVES,1,1,Person,Monsignor Manuel Mendes das Neves,False
MOROCCANS,MOROCCANS,1,1,Other,Moroccans,False
MOULAY HASSAN,CROWN PRINCE MOULAY HASSAN,1,1,Person,Moulay Hassan,True
MOVEMENT OF THE PEOPLE FOR THE LIBERATION OF ANGOLA,MOVEMENT OF THE PEOPLE FOR THE LIBERATION OF ANGOLA,1,1,PoliticalGroup,Movement of the People for the Liberation of Angola,False
MUHAMMED BEN UTHMAN,MUHAMMED BEN UTHMAN,1,1,Person,Muhammed Ben Uthman,False
MULLAH MUSTAFA AL-BARZANI,MULLAH MUSTAFA AL-BARZANI,1,1,Person,Mullah Mustafa al-Barzani,False
MUNOZ GRANDES,MUNOZ GRANDES,1,1,Person,Munoz Grandes,False
MUONG KASS,MUONG KASSY,1,1,Location,Muong Kass,True
MUONG SOUI,MUONG SOUI,1,1,Location,Muong Soui,False
NAJAF,NAJAF,1,1,Location,Najaf,False
NAMTHA PROVINCE,NAMTHA PROVINCE,1,1,Location,Namtha Province,False
NATIONAL ASSEMBLY,NATIONAL ASSEMBLY,1,1,Other,National Assembly,False
NATIONAL DEFENSE COMMITTEE OF THE AUSTRIAN PARLIAMENT,NATIONAL DEFENSE COMMITTEE OF THE AUSTRIAN PARLIAMENT,1,1,Organization,National Defense Committee of the Austrian Parliament,False
NATIONAL FRONT COALITION GOVERNMENT,NATIONAL FRONT COALITION GOVERNMENT,1,1,PoliticalGroup,National Front coalition government,False
NATIONAL LIBERATION FRONT (FLN),NATIONAL LIBERATION FRONT,1,1,PoliticalGroup,National Liberation Front (FLN),True
NATIONAL VOICE OF IRAN,NATIONAL VOICE OF IRAN,1,1,Organization,National Voice of Iran,False
NATIONALIST IRREGULARS,NATIONALIST IRREGULARS,1,1,Military,Nationalist irregulars,False
NATIONALIST REVOLUTIONARY MOVEMENT (MNR),NATIONALIST REVOLUTIONARY MOVEMENT (MNR),1,1,PoliticalGroup,Nationalist Revolutionary Movement (MNR),False
NENNI,NENNI,1,1,Person,Nenni,False
NENNI SOCIALISTS,NENNI SOCIALISTS,1,1,PoliticalGroup,Nenni Socialists,False
NEO LAO HAK-SAT,NEO LAO HAK SAT (NLHS),1,1,PoliticalGroup,Neo Lao Hak-Sat,True
NEPALI COMMUNIST PARTY,NEPALI COMMUNIST PARTY,1,1,PoliticalGroup,Nepali Communist party,False
NEPALI CONGRESS PARTY,NEPALI CONGRESS,1,1,PoliticalGroup,Nepali Congress party,True
NETHERLANDS,NETHERLANDS,1,1,Country,Netherlands,False
NETHERLANDS NEW GUINEA,NETHERLANDS NEW GUINEA,1,1,Location,Netherlands New Guinea,False
NEW CHINA NEWS AGENCY,NEW CHINA NEWS AGENCY,1,1,Organization,New China News Agency,False
NEW LANDS REGIONS OF SIBERIA,NEW LANDS REGIONS OF SIBERIA,1,1,Location,New Lands regions of Siberia,False
NEW TURKEY PARTY,NEW TURKEY PARTY,1,1,PoliticalGroup,New Turkey party,False
NGUYEN CHI THANH,GENERAL NGUYEN CHI THANH,1,1,Person,Nguyen Chi Thanh,True
NHOMMARAT,NHOMMARAT,1,1,Location,Nhommarat,False
NIGERIAN CHAIRMAN OF THE UN CONCILIATION COMMISSION,NIGERIAN CHAIRMAN OF THE UN CONCILIATION COMMISSION,1,1,Person,Nigerian chairman of the UN Conciliation Commission,False
NIGERIAN PLAN,NIGERIAN PLAN,1,1,PoliticalGroup,Nigerian plan,False
NIGERIAN POLICE,NIGERIAN POLICE,1,1,Military,Nigerian police,False
NIGERIAN TROOPS,NIGERIAN TROOPS,1,1,Military,Nigerian troops,False
NIGERIAN UN UNITS,NIGERIAN UN UNITS,1,1,Military,Nigerian UN units,False
NIKOLAI BURDENKO,NIKOLAI BURDENKO,1,1,Other,Nikolai Burdenko,False
NIKOLAY PODGORNY,NIKOLAY PODGORNY,1,1,Person,Nikolay Podgorny,False
NORSTAD,NORSTAD,1,1,Person,Norstad,False
NORTH CAUCASUS,NORTH CAUCASUS,1,1,Location,North Caucasus,False
NORTH VIETNAMESE,NORTH VIETNAMESE TROOPS,1,1,Military,North Vietnamese,True
NORTH VIETNAMESE IL-14,NORTH VIETNAMESE IL-14,1,1,Military,North Vietnamese IL-14,False
NURI SAID,NURI SAID,1,1,Person,Nuri Said,False
NURI SAID REGIME,NURI SAID REGIME,1,1,PoliticalGroup,Nuri Said regime,False
NYASALAND,NYASALAND,1,1,Location,Nyasaland,False
NYERERE,JULIUS NYERERE,1,1,Person,Nyerere,True
ODYLIA DENYS,ODYLIA DENYS,1,1,Person,Odylia Denys,False
OMSK,OMSK,1,1,Location,Omsk,False
ORGANIZATION OF AMERICAN STATES (OAS),ORGANIZATION OF AMERICAN STATES,1,1,Organization,Organization of American States (OAS),True
ORIENTALE PROVINCE,ORIENTALE PROVINCE,1,1,Location,Orientale Province,False
ORIENTE PROVINCE,ORIENTE PROVINCE,1,1,Location,Oriente Province,False
OSCAR OSORIO,OSORIO,1,1,Person,Oscar Osorio,True
OSVALDO LOPEZ,OSVALDO LOPEZ,1,1,Person,Osvaldo Lopez,False
OUANE,GENERAL OUANE,1,1,Person,Ouane,True
OUTER MONGOLIA,OUTER MONGOLIA,1,1,Country,Outer Mongolia,False
OZDILEK,OZDILEK,1,1,Person,Ozdilek,False
PAN-AFRICANIST CONGRESS,PAN-AFRICANIST CONGRESS,1,1,PoliticalGroup,Pan-Africanist Congress,False
PAN-CYPRIAN FEDERATION OF LABOR (PEO),PAN-CYPRIAN FEDERATION OF LABOR (PEO),1,1,Organization,pan-Cyprian Federation of Labor (PEO),False
PANAMA,PANAMA,1,1,Country,Panama,False
PARIS,PARIS,1,1,Location,Paris,False
PASO,PASO,1,1,Location,Paso,False
PATHET LAO - KONG LE FORCES,KONG LE - PATHET LAO,1,1,PoliticalGroup,Pathet Lao - Kong Le forces,True
PATRIOTIC FRONT,PATRIOTIC FRONT,1,1,PoliticalGroup,Patriotic Front,False
PAUL ELY,PAUL ELY,1,1,Person,Paul Ely,False
PAUL-HENRI SPAAK,PAUL-HENRI SPAAK,1,1,Person,Paul-Henri Spaak,False
PAZ,PRESIDENT PAZ,1,1,Person,Paz,True
PEIPING PEOPLES DAILY,PEIPING PEOPLES DAILY,1,1,Document,Peiping People's Daily,False
PEOPLES COMMITTEE AGAINST REBELS AND COMMUNISTS,PEOPLES COMMITTEE AGAINST REBELS AND COMMUNISTS,1,1,PoliticalGroup,People's Committee Against Rebels and Communists,False
PERONISTA GROUPS,PERONISTA GROUPS,1,1,PoliticalGroup,Peronista groups,False
PERU,PERU,1,1,Country,Peru,False
PETR ABRASIMOV,PETR ABRASIMOV,1,1,Person,Petr Abrasimov,False
PETROPAVLOVSK,PETROPAVLOVSK,1,1,Location,Petropavlovsk,False
PHAN HUY QUAT,PHAN HUY QUAT,1,1,Person,Phan Huy Quat,False
PHENG PONGSAVAN,PHENG PONGSAVAN,1,1,Person,Pheng Pongsavan,False
PHILIPPINE FOREIGN AFFAIRS SECRETARY SERRANO,PHILIPPINE FOREIGN AFFAIRS SECRETARY SERRANO,1,1,Person,Philippine Foreign Affairs Secretary Serrano,False
PHONG SALY,PHONG SALY PROVINCE,1,1,Location,Phong Saly,True
PHOUMI NOSAVAN,PHOUMI NOSAVAN,1,1,Person,Phoumi Nosavan,False
PHOUMI TROOPS,PHOUMI TROOPS,1,1,Military,Phoumi troops,False
PHOUMIS FORCES,PHOUMI FORCES,1,1,Military,Phoumi's forces,True
PIDE,PIDE,1,1,Organization,PIDE,False
PKI,PKI,1,1,PoliticalGroup,PKI,False
POLISH BUILDERS,POLISH BUILDERS,1,1,Other,Polish builders,False
POLISH DELEGATION,POLISH DELEGATION,1,1,PoliticalGroup,Polish delegation,False
POLISH LEADER,POLISH LEADER,1,1,Person,Polish leader,False
POLISH UN DELEGATION,POLISH UN DELEGATION,1,1,Organization,Polish UN delegation,False
PONCE ADMINISTRATION,PONCE ADMINISTRATION,1,1,PoliticalGroup,Ponce administration,False
PONDOLAND,PONDOLAND,1,1,Location,Pondoland,False
POPULAR PARTY FOR NATIONAL LIBERATION,POPULAR PARTY FOR NATIONAL LIBERATION,1,1,PoliticalGroup,Popular Party for National Liberation,False
POPULAR SOCIALIST PARTY,CUBAN COMMUNISTS POPULAR SOCIALIST PARTY,1,1,PoliticalGroup,Popular Socialist party,True
PORTUGUESE OVERSEAS MINISTRY,PORTUGUESE OVERSEAS MINISTRY,1,1,Organization,Portuguese Overseas Ministry,False
PRAGUE,PRAGUE,1,1,Location,Prague,False
PRAJA PARISHAD,PRAJA PARISHAD,1,1,PoliticalGroup,Praja Parishad,False
PREMIER EYSKENS,PREMIER EYSKENS,1,1,Person,Premier Eyskens,False
PREMIER FANFANI,FANFANI,1,1,Person,Premier Fanfani,True
PREMIER NU,U NU,1,1,Person,Premier Nu,True
PREMIER SALAZAR,SALAZAR,1,1,Person,Premier Salazar,True
PREMIER SARIT,PREMIER SARIT,1,1,Person,Premier Sarit,False
PRESIDENT ALBERTO LLERAS,PRESIDENT ALBERTO LLERAS,1,1,Person,President Alberto Lleras,False
PRESIDENT DUVALIER,PRESIDENT DUVALIER,1,1,Person,President Duvalier,False
PRESIDENT GURSEL,GURSEL,1,1,Person,President Gursel,True
PRESIDENT JORGE ALESSANDRI,PRESIDENT JORGE ALESSANDRI,1,1,Person,President Jorge Alessandri,False
PRESIDENT LEMUS,PRESIDENT LEMUS,1,1,Person,President Lemus,False
PRESIDENT NKRUMAH,NKRUMAH,1,1,Person,President Nkrumah,True
PRESIDENT PAZ,PRESIDENT PAZ,1,1,Person,President Paz,False
PRESIDENT SUKARNO,INDONESIAN PRESIDENT SUKARNO,1,1,Person,President Sukarno,True
PRESIDENT TOURE,PRESIDENT TOURE,1,1,Person,President Toure,False
PRESIDENT TSHOMBÉ,TSHOMBÉ,1,1,Person,President Tshombé,True
PRESIDENT YDIGORAS,YDIGORAS,1,1,Person,President Ydigoras,True
PRIME MINISTER BALEWA,PRIME MINISTER BALEWA,1,1,Person,Prime Minister Balewa,False
PRIME MINISTER CHANG MYON,PRIME MINISTER CHANG MYON,1,1,Person,Prime Minister Chang Myon,False
PRIME MINISTER IKEDA,PRIME MINISTER IKEDA,1,1,Person,Prime Minister Ikeda,False
PRIME MINISTER NU,PRIME MINISTER U NU,1,1,Person,Prime Minister Nu,True
PRIME MINISTER SALAZAR,PRIME MINISTER SALAZAR,1,1,Person,Prime Minister Salazar,False
PRIME MINISTER U NU,PRIME MINISTER U NU,1,1,Person,Prime Minister U Nu,False
PRIME MINISTER VERWOERD,PRIME MINISTER VERWOERD,1,1,Person,Prime Minister Verwoerd,False
PRINCE SOUVANNA PHOUMA,SOUVANNA PHOUMA,1,1,Person,Prince Souvanna Phouma,True
PYONGYANG,PYONGYANG,1,1,Location,Pyongyang,False
QASIM REGIME,QASIM REGIME,1,1,PoliticalGroup,Qasim regime,False
QUINIM,QUINIM PHOLSENA,1,1,Person,Quinim,True
RAAB,RAAB,1,1,Person,Raab,False
RADIO CARIBE,RADIO CARIBE,1,1,Organization,Radio Caribe,False
RADIO CONAKRY,RADIO CONAKRY,1,1,Organization,Radio Conakry,False
RAMFIS TRUJILLO,RAMFIS TRUJILLO,1,1,Person,Ramfis Trujillo,False
RAPACKI,RAPACKI,1,1,Person,Rapacki,False
RAWALPINDI,RAWALPINDI,1,1,Location,Rawalpindi,False
RED SEA,RED SEA,1,1,Location,Red Sea,False
REGENERATIVE PARTY OF THE WORKING PEOPLE (AKEL),REGENERATIVE PARTY OF THE WORKING PEOPLE (AKEL),1,1,PoliticalGroup,Regenerative Party of the Working People (AKEL),False
REPUBLIC OF CYPRUS,REPUBLIC OF CYPRUS,1,1,Country,Republic of Cyprus,False
REPUBLIC OF TOGO,REPUBLIC OF TOGO,1,1,Country,Republic of Togo,False
REPUBLICAN PARTY,REPUBLICAN PARTY,1,1,PoliticalGroup,Republican Party,False
REVOLUCION,REVOLUCION,1,1,Organization,Revolucion,False
REVOLUTIONARY PARTY (PR),REVOLUTIONARY PARTY (PR),1,1,PoliticalGroup,Revolutionary party (PR),False
RHEE,SYNGMAN RHEE,1,1,Person,Rhee,True
RIMAWI,RIMAWI,1,1,Person,Rimawi,False
RIO DE JANEIRO,RIO DE JANEIRO,1,1,Location,Rio de Janeiro,False
ROBERTO HOLDEN,ROBERTO HOLDEN,1,1,Person,Roberto Holden,False
ROBERTS,ROBERTS,1,1,Person,Roberts,False
ROMAN CATHOLIC TRADE UNION FEDERATION,ROMAN CATHOLIC TRADE UNION FEDERATION,1,1,Organization,Roman Catholic trade union federation,False
ROMAN CATHOLIC TRADE UNIONS (CSC),ROMAN CATHOLIC TRADE UNIONS (CSC),1,1,Organization,Roman Catholic trade unions (CSC),False
RONALD NGALA,RONALD NGALA,1,1,Person,Ronald Ngala,False
ROYAL LAOTIAN GOVERNMENT,LAOTIAN GOVERNMENT,1,1,Government,Royal Laotian Government,True
ROYAL MOROCCAN ARMY,ROYAL MOROCCAN ARMY,1,1,Military,Royal Moroccan Army,False
RSFSR BUREAU,RSFSR BUREAU,1,1,Organization,RSFSR Bureau,False
SACEUR,SACEUR,1,1,Organization,SACEUR,False
SAHBANI,SAHBANI,1,1,Person,Sahbani,False
SAIGON,SAIGON,1,1,Location,Saigon,False
SALAH BEN YOUSSEF,SALAH BEN YOUSSEF,1,1,Person,Salah Ben Youssef,False
SALAZARS NATIONAL UNION,NATIONAL UNION,1,1,PoliticalGroup,Salazar’s National Union,True
SALVADOR,SAN SALVADOR,1,1,Location,Salvador,True
SALVADORAN ARMY,SALVADORAN ARMY,1,1,Military,Salvadoran Army,False
SALVADORAN JUNTA,SALVADORAN JUNTA,1,1,Government,Salvadoran Junta,False
SAM NEUA,SAM NEUA PROVINCE,1,1,Location,Sam Neua,True
SAM NEUA PROVINCE,SAM NEUA PROVINCE,1,1,Location,Sam Neua Province,False
SAN SALVADOR,SAN SALVADOR,1,1,Location,San Salvador,False
SANDYS,SANDYS,1,1,Person,Sandys,False
SANTA FE,SANTA FE PROVINCE,1,1,Location,Santa Fe,True
SANTA FE PROVINCE,SANTA FE PROVINCE,1,1,Location,Santa Fe Province,False
SANTOS COSTA,SANTOS COSTA,1,1,Person,Santos Costa,False
SARATOV,SARATOV,1,1,Location,Saratov,False
SARAVANE PROVINCE,SARAVANE PROVINCE,1,1,Location,Saravane Province,False
SARIT,PREMIER SARIT,1,1,Person,Sarit,True
SARRAJ,SARRAJ,1,1,Person,Sarraj,False
SAUD,KING SAUD,1,1,Person,Saud,True
SAVAK,SAVAK,1,1,Organization,SAVAK,False
SAVANNAKHET,SAVANNAKHET,1,1,Location,Savannakhet,False
SEKOU TOURÉ,SEKOU TOURÉ,1,1,Person,Sekou Touré,False
SENO BASE,SENO BASE,1,1,Location,Seno base,False
SENO MILITARY BASE,SENO MILITARY BASE,1,1,Location,Seno military base,False
SEVEN-YEAR PLAN,SEVEN-YEAR PLAN,1,1,Other,Seven-Year Plan,False
SEVENTH FLEET,SEVENTH FLEET,1,1,Military,Seventh Fleet,False
SHANTUNG,SHANTUNG,1,1,Location,Shantung,False
SINO-SOVIET,SOVIET BLOC,1,1,PoliticalGroup,Sino-Soviet,True
SIR CLAUDE COREA,SIR CLAUDE COREA,1,1,Person,Sir Claude Corea,False
SIR RICHARD TURNBULL,SIR RICHARD TURNBULL,1,1,Person,Sir Richard Turnbull,False
SISOUMANG,TIAO SISOUMANG,1,1,Person,Sisoumang,True
SO-1 SUBCHASER,SO-1 SUBCHASER,1,1,Other,SO-1 subchaser,False
SOBOLEV,SOBOLEV,1,1,Person,Sobolev,False
SOCIAL CHRISTIAN - LIBERAL GOVERNMENT,EYSKENS SOCIAL CHRISTIAN - LIBERAL GOVERNMENT,1,1,Government,Social Christian - Liberal government,True
SOCIAL CHRISTIAN PARTY,SOCIAL CHRISTIAN PARTY,1,1,PoliticalGroup,Social Christian party,False
SOCIAL DEMOCRATIC PARTY,SOCIAL DEMOCRATIC PARTY,1,1,PoliticalGroup,Social Democratic Party,False
SOCIALIST-INSTIGATED STRIKES,SOCIALIST-INSTIGATED STRIKES,1,1,Other,Socialist-instigated strikes,False
SOFIA,SOFIA,1,1,Location,Sofia,False
SOP-SAISANA,SOP-SAISANA,1,1,Person,Sop-saisana,False
SOUTH AFRICAN LEGIONNAIRES,SOUTH AFRICAN LEGIONNAIRES,1,1,Military,South African legionnaires,False
SOUTH CHINA FLEET,SOUTH CHINA FLEET,1,1,Military,South China Fleet,False
SOUTH TIROL,SOUTH TIROL,1,1,Location,South Tirol,False
SOUVANNA PHOUMA CABINET,SOUVANNA PHOUMA CABINET,1,1,Government,Souvanna Phouma cabinet,False
SOVIET AMBASSADOR,SOVIET AMBASSADOR,1,1,Person,Soviet ambassador,False
SOVIET COMMUNIST PARTY,SOVIET COMMUNIST PARTY,1,1,PoliticalGroup,Soviet Communist Party,False
SOVIET EMBASSY IN WASHINGTON,SOVIET EMBASSY IN WASHINGTON,1,1,Organization,Soviet Embassy in Washington,False
SOVIET GOVERNMENT,SOVIET GOVERNMENT,1,1,Government,Soviet Government,False
SOVIET IL-14,SOVIET IL-14S,1,1,Military,Soviet IL-14,True
SOVIET IL-14S,SOVIET IL-14S,1,1,Military,Soviet IL-14s,False
SOVIET MI-4 HELICOPTERS,SOVIET MI-4 HELICOPTERS,1,1,Military,Soviet MI-4 helicopters,False
SOVIET PRESIDIUM,SOVIET PRESIDIUM,1,1,Organization,Soviet presidium,False
SOVIET TRANSPORTS,SOVIET TRANSPORTS,1,1,Military,Soviet transports,False
SOVIETS,SOVIETS,1,1,Government,Soviets,False
SPAAK,SPAAK,1,1,Person,Spaak,False
SPUTNIK IX,SPUTNIK IX,1,1,Document,Sputnik IX,False
SPUTNIK XI,SPUTNIK XI,1,1,Other,Sputnik XI,False
STALINGRAD,STALINGRAD,1,1,Location,Stalingrad,False
STEVENSON,AMBASSADOR STEVENSON,1,1,Person,Stevenson,True
STROM,STROM,1,1,Person,Strom,False
SUBARNA SHUMSHERE,SUBARNA SHUMSHERE,1,1,Person,Subarna Shumshere,False
SUDANESE GOVERNMENT,SUDANESE GOVERNMENT,1,1,Government,Sudanese Government,False
SUDANESE MILITARY GOVERNMENT,SUDANESE MILITARY GOVERNMENT,1,1,Government,Sudanese Military Government,False
SUDIBJO,SUDIBJO,1,1,Person,Sudibjo,False
SUPREME MILITARY COUNCIL,SUPREME MILITARY COUNCIL,1,1,Organization,Supreme Military Council,False
SUSLOV,M. A. SUSLOV,1,1,Person,Suslov,True
SWEDISH UN COMMANDER,SWEDISH UN COMMANDER,1,1,Person,Swedish UN commander,False
SWEDISH UN CONTINGENT,SWEDISH UN CONTINGENT,1,1,Military,Swedish UN contingent,False
SWEDISH UN UNIT,SWEDISH UN UNIT,1,1,Military,Swedish UN unit,False
TADZHIKISTAN,TADZHIKISTAN,1,1,Location,Tadzhikistan,False
TAICHUNG,TAICHUNG,1,1,Location,Taichung,False
TAKEO MIKI,TAKEO MIKI,1,1,Person,Takeo Miki,False
TEL AVIV BRANCH OF HEBREW UNIVERSITY,TEL AVIV BRANCH OF HEBREW UNIVERSITY,1,1,Organization,Tel Aviv branch of Hebrew University,False
TEMI SEJKO,TEMI SEJKO,1,1,Person,Temi Sejko,False
THA THOM AIRSTRIP,THA THOM,1,1,Location,Tha Thom airstrip,True
THE FEDERATION,THE FEDERATION,1,1,Organization,The Federation,False
THE TREASURY DEPARTMENT,THE TREASURY DEPARTMENT,1,1,Government,The Treasury Department,False
THEO LEFEVRE,THEO LEFEVRE,1,1,Person,Theo Lefevre,False
THEOTONIO PEREIRA,THEOTONIO PEREIRA,1,1,Person,Theotonio Pereira,False
THIRD ALL-AFRICAN PEOPLES CONFERENCE,THIRD ALL-AFRICAN PEOPLES CONFERENCE,1,1,Other,Third All-African People's Conference,False
THOMPSON,AMBASSADOR THOMPSON,1,1,Person,Thompson,True
TIAO SISOUMANG,TIAO SISOUMANG,1,1,Person,Tiao Sisoumang,False
TIMBERLAKE,AMBASSADOR TIMBERLAKE,1,1,Person,Timberlake,True
TITO,TITO,1,1,Person,Tito,False
TORANZO MONTERO,GENERAL TORANZO MONTERO,1,1,Person,Toranzo Montero,True
TRANSKEI,TRANSKEI,1,1,Location,Transkei,False
TRIMBLE,TRIMBLE,1,1,Person,Trimble,False
TRIPOLI,TRIPOLI,1,1,Location,Tripoli,False
TROTSKYITES,TROTSKYITES,1,1,PoliticalGroup,Trotskyites,False
TRUONG CHINH,TRUONG CHINH,1,1,Person,Truong Chinh,False
TRYGVE LIE,TRYGVE LIE,1,1,Person,Trygve Lie,False
TSHOMBE REGIME,TSHOMBE REGIME,1,1,Government,Tshombe regime,False
TSHOMBES REGIME,TSHOMBES REGIME,1,1,Government,Tshombe’s regime,False
TSHOMBÉS KATANGA GOVERNMENT,TSHOMBÉS GOVERNMENT,1,1,Government,Tshombé's Katanga government,True
TUN SEIN,TUN SEIN,1,1,Person,Tun Sein,False
TUNISIAN SOLDIERS,TUNISIAN SOLDIERS,1,1,Military,Tunisian soldiers,False
TURKISH GOVERNMENT,TURKISH GOVERNMENT,1,1,Government,Turkish Government,False
TYURA TAM MISSILE TEST RANGE,TYURA TAM MISSILE TEST RANGE,1,1,Location,Tyura Tam Missile Test Range,False
UAR TROOPS,UAR TROOPS,1,1,Military,UAR troops,False
UAR-SYRIA,UAR-SYRIA,1,1,PoliticalGroup,UAR-Syria,False
UGANDA,UGANDA,1,1,Country,Uganda,False
UN FORCES,UN FORCES,1,1,Organization,UN forces,False
UN SECURITY COUNCIL,UN SECURITY COUNCIL,1,1,Organization,UN Security Council,False
UNDER SECRETARY OF STATE FOR POLITICAL AFFAIRS,UNDER SECRETARY OF STATE,1,1,Person,Under Secretary of State for Political Affairs,True
UNION OF SOUTH AFRICA,SOUTH AFRICA,1,1,Country,Union of South Africa,True
UNION OF THE ANGOLAN PEOPLE,UNION OF THE ANGOLAN PEOPLE,1,1,Organization,Union of the Angolan People,False
UNION OF THE CAMEROONS POPULATIONS,UNION OF THE CAMEROONS POPULATIONS,1,1,PoliticalGroup,Union of the Cameroons Populations,False
UNION PARTY,UNION PARTY,1,1,PoliticalGroup,Union party,False
UNITED ARAB REPUBLIC,UNITED ARAB REPUBLIC,1,1,PoliticalGroup,United Arab Republic,False
UNITED NATIONAL PARTY,UNITED NATIONAL PARTY,1,1,PoliticalGroup,United National Party,False
UNITED STATES INTELLIGENCE BOARD,UNITED STATES INTELLIGENCE BOARD,1,1,Organization,United States Intelligence Board,False
UNITED STATES MARINE CORPS,UNITED STATES MARINE CORPS,1,1,Military,United States Marine Corps,False
URUGUAY,URUGUAY,1,1,Country,Uruguay,False
US ADMINISTRATION,US ADMINISTRATION,1,1,Government,US administration,False
US CONSULATE,US CONSULATE,1,1,Other,US Consulate,False
US EMBASSY IN LISBON,US EMBASSY IN LISBON,1,1,Organization,US Embassy in Lisbon,False
US EMBASSY IN NICOSIA,US EMBASSY IN NICOSIA,1,1,Organization,US Embassy in Nicosia,False
US EMBASSY IN TUNIS,US EMBASSY IN TUNIS,1,1,Organization,US Embassy in Tunis,False
US MILITARY PERSONNEL,US MILITARY PERSONNEL,1,1,Military,US military personnel,False
USIB,UNITED STATES INTELLIGENCE BOARD,1,1,Organization,USIB,True
VALONA BAY,VALONA BAY,1,1,Location,Valona Bay,False
VATICAN,VATICAN,1,1,Organization,Vatican,False
VELASCO ADMINISTRATION,VELASCO ADMINISTRATION,1,1,PoliticalGroup,Velasco administration,False
VICE PRESIDENT GOULART,VICE PRESIDENT GOULART,1,1,Person,Vice President Goulart,False
VICTOR LUNDULA,VICTOR LUNDULA,1,1,Person,Victor Lundula,False
VICTOR PAZ ESTENSSORO,PAZ ESTENSSORO,1,1,Person,Victor Paz Estenssoro,True
VIET CONG,VIET CONG,1,1,PoliticalGroup,Viet Cong,False
VIETNAM,VIETNAM,1,1,Country,Vietnam,False
VIJAYAWADA,VIJAYAWADA,1,1,Location,Vijayawada,False
VIKTOR GRISHIN,VIKTOR GRISHIN,1,1,Person,Viktor Grishin,False
VILLEDA MORALES,VILLEDA,1,1,Person,Villeda Morales,True
VLADIVOSTOK,VLADIVOSTOK,1,1,Location,Vladivostok,False
VO NGUYEN GIAP,GENERAL VO NGUYEN GIAP,1,1,Person,Vo Nguyen Giap,True
WALLOON REGIONS,WALLOON REGIONS,1,1,Location,Walloon regions,False
WALLOON SOCIALIST DEPUTIES,WALLOON SOCIALIST DEPUTIES,1,1,PoliticalGroup,Walloon Socialist deputies,False
WAR SECRETARY FRAGA,WAR SECRETARY FRAGA,1,1,Person,War Secretary Fraga,False
WATCH COMMITTEE OF THE USIB,WATCH COMMITTEE OF THE USIB,1,1,Organization,Watch Committee of the USIB,False
WEST,WEST,1,1,PoliticalGroup,West,False
WEST GERMAN FOREIGN MINISTRY,WEST GERMAN FOREIGN MINISTRY,1,1,Organization,West German Foreign Ministry,False
WESTERN EUROPE,WESTERN EUROPE,1,1,Location,Western Europe,False
WESTERN POWERS,WESTERN POWERS,1,1,PoliticalGroup,Western powers,False
WINIEWICZ,WINIEWICZ,1,1,Person,Winiewicz,False
WORLD FEDERATION OF TRADE UNIONS,WORLD FEDERATION OF TRADE UNIONS,1,1,Organization,World Federation of Trade Unions,False
WORLD HEALTH ORGANIZATION,WORLD HEALTH ORGANIZATION,1,1,Organization,World Health Organization,False
XIENG KOUANG,XIENG KHOUANG PROVINCE,1,1,Location,Xieng Kouang,True
YAVUZ,YAVUZ,1,1,Person,Yavuz,False
YUNNAN GENERAL TUAN,YUNNAN GENERAL TUAN,1,1,Person,Yunnan General Tuan,False
