normalized_label,suggested_canonical_label,matched_existing_label,candidate_source,heuristic_reason,mention_count,unique_docs,unique_paragraphs,source_types,primary_type,example_mentions,example_descriptions,top_co_mentions,matched_label_mention_count,matched_label_unique_docs,matched_label_source_types,matched_label_example_mentions,matched_label_example_descriptions,alias_family,matched_label_family,lexical_cosine,context_cosine,sequence_ratio,token_jaccard,co_mention_jaccard,type_compatibility_score,type_compatibility_note,negative_distinguishers,hard_conflict_reason,final_score,recommended_action,candidate_rank,recommended_action_final,suggested_canonical_label_final,adjudication_key,openai_decision,openai_confidence,openai_reason,openai_canonical_label
ASSISTANT SECRETARY OF DEFENSE FOR INTERNATIONAL SECURITY AFFAIRS,ASSISTANT SECRETARY OF DEFENSE (INTERNATIONAL SECURITY AFFAIRS),ASSISTANT SECRETARY OF DEFENSE (INTERNATIONAL SECURITY AFFAIRS),similarity,lexical_context_similarity,5,5,5,Person,Person,Assistant Secretary of Defense for International Security Affairs,An official responsible for international security matters within the Department of Defense.; Official responsible for international security matters within the Department of Defense.,"ASSISTANT CHIEF OF STAFF FOR INTELLIGENCE, DEPARTMENT OF ARMY; ASSISTANT CHIEF OF STAFF, INTELLIGENCE, DEPARTMENT OF THE AIR FORCE; ASSISTANT TO SECRETARY OF DEFENSE FOR SPECIAL OPERATIONS; ATOMIC ENERGY COMMISSION; CHAIRMAN; CHAIRMAN, THE JOINT CHIEFS OF STAFF; CHIEF OF NAVAL OPERATIONS, UNITED STATES NAVY; CHIEF OF STAFF, UNITED STATES AIR FORCE; CHIEF OF STAFF, UNITED STATES ARMY; COMMANDANT, UNITED STATES MARINE CORPS; COMMANDER IN CHIEF, PACIFIC; DEPARTMENT OF COMMERCE",15,15,Person,Assistant Secretary of Defense (International Security Affairs),An official in the Department of Defense responsible for international security affairs.; An official responsible for international security matters within the Department of Defense.; An official in the Department of Defense responsible for international security.; An official responsible for international security affairs within the Department of Defense.,role,role,0.8947,0.8992,0.9531,1.0,0.6,1.0,shared_type,,,1.0,accept_heuristic,1,accept_heuristic,ASSISTANT SECRETARY OF DEFENSE (INTERNATIONAL SECURITY AFFAIRS),2c71989a0ad8f322f8e824851075a4fdabb21ce7,,,,
ASSISTANT TO SECRETARY OF DEFENSE FOR SPECIAL OPERATIONS,ASSISTANT TO SECRETARY OF DEFENSE (SPECIAL OPERATIONS),ASSISTANT TO SECRETARY OF DEFENSE (SPECIAL OPERATIONS),similarity,lexical_context_similarity,5,5,5,Person,Person,Assistant to Secretary of Defense for Special Operations,An official assisting the Secretary of Defense with special operations.; An official assisting the Secretary of Defense in special operations.; Official assisting the Secretary of Defense in special operations.,"ASSISTANT CHIEF OF STAFF FOR INTELLIGENCE, DEPARTMENT OF ARMY; ASSISTANT CHIEF OF STAFF, INTELLIGENCE, DEPARTMENT OF THE AIR FORCE; ASSISTANT SECRETARY OF DEFENSE FOR INTERNATIONAL SECURITY AFFAIRS; ATOMIC ENERGY COMMISSION; CHAIRMAN; CHAIRMAN, THE JOINT CHIEFS OF STAFF; CHIEF OF NAVAL OPERATIONS, UNITED STATES NAVY; CHIEF OF STAFF, UNITED STATES AIR FORCE; CHIEF OF STAFF, UNITED STATES ARMY; COMMANDANT, UNITED STATES MARINE CORPS; COMMANDER IN CHIEF, PACIFIC; DEPARTMENT OF COMMERCE",15,15,Person,Assistant to Secretary of Defense (Special Operations),An official assisting the Secretary of Defense in special operations.; An official assisting the Secretary of Defense with special operations.,role,role,0.8681,0.9645,0.9455,1.0,0.6,1.0,shared_type,,,1.0,accept_heuristic,1,accept_heuristic,ASSISTANT TO SECRETARY OF DEFENSE (SPECIAL OPERATIONS),d68f05ca72b5dc5eb91abbb61981a6cce6f56439,,,,
US,UNITED STATES,UNITED STATES,deterministic,acronym_match,17,14,17,Country; Government,Country,US,New US administration referenced by Khrushchev.; Criticized for involvement in the Congo situation; Accused of armed intervention in Laos.; Government involved in diplomatic communications regarding French overflights.; Country involved in relations with Portugal; Country supplying relief shipment of wheat and barley; Country involved in diplomatic relations with Colombia and Cuba.; Country accused of intervention in Laos.,USSR; KHRUSHCHEV; LAOS; POLAND; CUBA; FRANCE; UAR; CHINA; SOUVANNA PHOUMA; CONGO; NIGERIA; NATO,33,27,Country,United States,"A country in North America, involved in Cold War tensions.; Country in North America; One of the leading Western nations whose response to South Africa's actions was criticized.; Country with which South Korea has strong ties.; Country being asked for emergency shipments of wheat by Syria and Jordan.; Country that owns about 90 percent of Chile's copper mining companies.; Country with various government officials mentioned.; Country involved in the overflight agreements and military actions.",country,country,0.0,0.1095,0.2667,0.0,0.2,1.0,shared_type,,,0.9,accept_rule,1,accept_rule,UNITED STATES,e533af0bf63c3bb1c5ac0d40699b9bed9219f8c7,,,,
PHOUMI,GENERAL PHOUMI,GENERAL PHOUMI,deterministic,person_title_variant,14,12,14,Person,Person,Phoumi,Military leader optimistic about retaking Ban Ta Viang.; Leader in Laos considering military actions.; General of the Laotian Army.; A figure hoping to retake a junction with reinforcements.; Leader in Laos in contact with South Vietnamese leaders; Political figure in Laos associated with the Boun Oum government.; Laotian government official involved in discussions about political solutions.; A general involved in discussions regarding Laos.,SOUVANNA PHOUMA; PATHET LAO; USSR; VIENTIANE; LAOS; NORTH VIETNAM; LUANG PRABANG; SOVIET UNION; KONG LE - PATHET LAO; PHNOM PENH; CONGO; KHRUSHCHEV,27,21,Person,General Phoumi,A general involved in the Laotian conflict.; Leader of the government forces in Laos.; The government commander planning an offensive against the Plaine des Jarres.; General involved in the military situation in Laos.; Military leader planning an offensive in Laos.; A general likely involved in military operations in Laos.; General whose forces may receive support from the Chinese Nationalist irregulars.; Announced King Savang's willingness to receive the Indian chairman of the International Control Commission.,person_name,person_name,0.7665,0.1972,0.6,0.5,0.4118,1.0,shared_type,,,0.95,accept_rule,1,accept_rule,GENERAL PHOUMI,c4a142ab2d6503c17e44accf72f8204b027f6afe,,,,
SIHANOUK,PRINCE SIHANOUK,PRINCE SIHANOUK,deterministic,person_title_variant,5,5,5,Person,Person,Sihanouk,Prince of Cambodia proposing a conference on Laos.; Prince discussing the Laotian crisis with Ambassador Trimble.; King of Cambodia who rejected the commission's chairmanship.; Prince commenting on the Laotian situation.; Leader suggesting the international conference on Laos.,NORTH VIETNAM; CAMBODIA; COMMUNIST CHINA; GENERAL PHOUMI; KONG LE - PATHET LAO; PHNOM PENH; PHOUMI; SOUVANNA PHOUMA; USSR; TSHOMBÉ; LAOS; PATHET LAO,5,5,Person,Prince Sihanouk,Proposed an international meeting on Laos.; Proposed a 14-nation meeting on Laos.; A prince who withdrew his proposal for a 14-nation conference on Laos.; Political figure in Cambodia supported by Khrushchev.; Cambodia's prince associated with the concept of a 14-nation conference.,person_name,person_name,0.8306,0.2661,0.6957,0.5,0.2632,1.0,shared_type,,,0.95,accept_rule,1,accept_rule,PRINCE SIHANOUK,a6dcb8a4437e2c0f0b55d7d2ff7beedb897b1fe6,,,,
DIEM,PRESIDENT DIEM,PRESIDENT DIEM,deterministic,person_title_variant,3,2,3,Person,Person,Diem,President of South Vietnam facing political opposition.; Leader planning cabinet reorganization and reforms.; Leader of the government facing unrest and coup attempts.,COMMUNIST CHINA; GENERAL PHOUMI; NORTH VIETNAM; CZECHOSLOVAKIA; GUINEA; LAOS; PRINCE SIHANOUK; SOUTH VIETNAM; SOVIET UNION; BAN TA VIANG; CAMBODIA; KONG LE - PATHET LAO,5,4,Person,President Diem,"President of South Vietnam facing opposition.; President of South Vietnam opposed by North Vietnam.; President of South Vietnam, subject of attempted coup d'etat.; President of South Vietnam; President of South Vietnam.",person_name,person_name,0.6335,0.3665,0.4444,0.5,0.0909,1.0,shared_type,,,0.95,accept_rule,1,accept_rule,PRESIDENT DIEM,94c56cf4812a2b7f604ae643ec1c1e7893c487e0,,,,
NE WIN,GENERAL NE WIN,GENERAL NE WIN,deterministic,person_title_variant,3,2,3,Person,Person,Ne Win,Leader involved in the purge of senior officers in the Burmese Army.; Military leader involved in a potential coup d'etat.; A Burmese military leader.,CONGO; AUNG GYI; AUNG SHWE; BELGIAN MILITARY ADVISERS; BRITISH FOREIGN OFFICE; BURMESE ARMY; GIZENGA; KASAVUBU; LUMUMBA; MAUNG MAUNG; MOBUTU; NEHRU,4,3,Person,General Ne Win,"Military leader in Burma, under pressure to take control of the government.; Senior military officer in Burma; Leader of the Burmese Army.; The leader of Burma during the time of the military shake-up.",person_name,person_name,0.7212,0.2885,0.6,0.6667,0.0,1.0,shared_type,,,0.95,accept_rule,1,accept_rule,GENERAL NE WIN,48e26e8a4387808528c60a7410933ac4f272f650,,,,
KONG LE/PATHET LAO FORCES,KONG LE - PATHET LAO FORCES,KONG LE - PATHET LAO FORCES,deterministic,token_bag_match,3,3,3,Military; PoliticalGroup,Military,Kong Le/Pathet Lao forces,Forces involved in the Laotian conflict.; The military forces associated with the Pathet Lao.; Antigovernment forces in Laos.,MUONG KASSY; ALICAN; BOUN OUM GOVERNMENT; COMMITTEE OF NATIONAL UNION; PHOUMI FORCES; SINO-SOVIET BLOC; TURKEY; UNITED STATES; ANTIGOVERNMENT; GOVERNMENT; PHOU KHOUN; THA THOM AIRSTRIP,5,4,Military,Kong Le - Pathet Lao forces,Forces involved in the Laotian conflict.; Forces supported by the USSR; Forces mentioned in relation to the Laotian conflict.; Forces opposing the government advance in Laos.; military forces involved in Laos,military,military,0.7706,0.3916,0.9231,1.0,0.0435,1.0,shared_type,,,0.94,accept_rule,1,accept_rule,KONG LE - PATHET LAO FORCES,9b670483e646bb009ee4e46fe99dba4de5a085ed,,,,
ANIBAL PORTILLO,COLONEL ANIBAL PORTILLO,COLONEL ANIBAL PORTILLO,deterministic,person_title_variant,2,2,2,Person,Person,Anibal Portillo,Army chief of staff selected as leader of the new regime; former army chief of staff and leader of the junta,JULIO RIVERA; OSORIO; CONGO; CUBA; LEOPOLDVILLE; LUMUMBA REGIME; SINO-SOVIET BLOC; STANLEYVILLE; AMERICAN EMBASSY; EL SALVADOR; FABIO CASTILLO; FELICIANO AVELAR,2,2,Person,Colonel Anibal Portillo,Army chief of staff chosen to head the new regime; Apparent initiator of the military coup in El Salvador.,person_name,person_name,0.8471,0.2979,0.7895,0.6667,0.1429,1.0,shared_type,,,0.95,accept_rule,1,accept_rule,COLONEL ANIBAL PORTILLO,73d8d008371b56e6d54f6547eb7b70ac8dbb3bfb,,,,
BANDARANAIKE,MRS. BANDARANAIKE,MRS. BANDARANAIKE,deterministic,person_title_variant,2,1,2,Person,Person,Bandaranaike,Prime Minister of Ceylon promoting neutralist policies.; Prime Minister of Ceylon planning a trip.,CEYLON; SALAZAR; BOURGUIBA; PORTUGAL; TUNISIA; USSR; ANGLO-AMERICAN CONSORTIUM; BOTELHO MONIZ; CEYLONESE FINANCE MINISTER; COMMUNIST CHINA; CUBA; EAST GERMANY,2,1,Person,Mrs. Bandaranaike,Prime Minister of Ceylon; Ceylonese Prime Minister planning a visit to the USSR.,person_name,person_name,0.8597,0.4119,0.8276,0.5,0.2,1.0,shared_type,,,0.95,accept_rule,1,accept_rule,MRS. BANDARANAIKE,9db76d3ced926d19606f5e41cb392ee294c57d2b,,,,
FRONDIZI,PRESIDENT FRONDIZI,PRESIDENT FRONDIZI,deterministic,person_title_variant,2,1,2,Person,Person,Frondizi,President of Argentina during a political crisis.; President of Argentina emphasizing rapid development,FRENCH FOREIGN MINISTRY; INTERNATIONAL CONTROL COMMISSION; LAOS; NORTH VIETNAMESE TROOPS; PATHET LAO; SANTA FE; SOUVANNA PHOUMA; TORANZO MONTERO; ATOMIC ENERGY COMMISSION; DEPARTMENT OF DEFENSE; DEPARTMENT OF JUSTICE; DEPARTMENT OF STATE,2,2,Person,President Frondizi,"President of Argentina, expected to repress any uprising.; President of Argentina whose policies were a point of contention.",person_name,person_name,0.7872,0.2601,0.6154,0.5,0.0,1.0,shared_type,,,0.95,accept_rule,1,accept_rule,PRESIDENT FRONDIZI,c2a921999d99d43f9433993a6025b2e42baef2f7,,,,
GENERAL MCKEOWN,MCKEOWN,MCKEOWN,deterministic,person_title_variant,2,1,2,Person,Person,General McKeown,Commander of forces in the Congo.; UN troop commander in the Congo.,HAMMARSKJOLD; CONGO; FRANCE; INTERNATIONAL CONTROL COMMISSION; KASAVUBU; LAOS; LEOPOLDVILLE; PRINCE SOUPHANNOUVONG; SOUVANNA PHOUMA; UN; COLONEL KHAMOUANE; GENERAL OUANE,2,2,Person,McKeown,UN Commanding General working with Bomboko.; UN military commander.,person_name,person_name,0.8489,0.2184,0.6364,0.5,0.1429,1.0,shared_type,,,0.95,accept_rule,1,accept_rule,MCKEOWN,f0371941f3e53ffdfdb88f90a88575f33e9301ce,,,,
GENERALISSIMO TRUJILLO,TRUJILLO,TRUJILLO,deterministic,person_title_variant,2,2,2,Person,Person,Generalissimo Trujillo,"Leader of the Dominican Republic who received advice from anti-US aides.; Dictator of the Dominican Republic, involved in financial manipulations and control over the economy.",DOMINICAN REPUBLIC; FRANCE; NIGERIA; PRIME MINISTER BALEWA; SOUTH AFRICA; UNITED KINGDOM; UNITED STATES; USSR; CATHOLIC CHURCH; CENTRAL BANK; CIUDAD TRUJILLO; SOVIET BLOC,5,3,Person,Trujillo,Leader of the Dominican Republic.; The Dominican dictator allegedly involved in assassination plots.; Leader associated with the financial issues in the Dominican Republic.; Leader of the Dominican Republic during the time.; Leader attempting to circumvent an embargo,person_name,person_name,0.6171,0.4048,0.5333,0.5,0.0435,1.0,shared_type,,,0.95,accept_rule,1,accept_rule,TRUJILLO,a5ac946257a58828aa0724195bd3f5762e100c65,,,,
MOHAMED V,KING MOHAMED V,KING MOHAMED V,deterministic,person_title_variant,2,2,2,Person,Person,Mohamed V,King of Morocco; King of Morocco mentioned in relation to Gizenga's request.,NASIR; POLAND; AMERICAN EMBASSY IN TUNIS; BOURGUIBA; CEYLON; COLOMBO; CZECHOSLOVAKIA; DEFENSE LOAN FUND; MASMOUDI; MRS. BANDARANAIKE; PEIPING; SOVIET UNION,2,2,Person,King Mohamed V,King of Morocco who refused Soviet technicians.; King of Morocco during the time of the events,person_name,person_name,0.8683,0.2741,0.7826,0.5,0.0,1.0,shared_type,,,0.95,accept_rule,1,accept_rule,KING MOHAMED V,8e0fea4fc6748d76c0457b18d4539fcd7924aade,,,,
PRESIDENT KASAVUBU,KASAVUBU,KASAVUBU,deterministic,person_title_variant,2,2,2,Person,Person,President Kasavubu,President of the Congo who spoke at a political conference.; Claimed allegiance by natives in Angola.,BRAZIL; GOMULKA; ITALY; JANIO QUADROS; KATANGA; LUALABA; POLAND; PORTUGUESE GOVERNMENT; PREMIER FANFANI; SALAZAR REGIME; SUDAN; UN,28,19,Person,Kasavubu,Proposed a Congo round-table conference.; High official in the Congo; Political figure in Congo who demanded Dayal's recall.; Individual who made a formal demand regarding Dayal.; Congolese leader who requested the conference.; Political figure who called for a conference of Congolese leaders.; Political figure in Congo; Leader receiving potential military assistance from France.,person_name,person_name,0.7799,0.0944,0.6154,0.5,0.0435,1.0,shared_type,,,0.95,accept_rule,1,accept_rule,KASAVUBU,18e9f7593df0dd88359f95d04a9744b029142f58,,,,
PRESIDENT NASIR,NASIR,NASIR,deterministic,person_title_variant,2,2,2,Person,Person,President Nasir,The President of the United Arab Republic.; President extending control over Syria and planning to issue a new currency.,EAST GERMANY; EL SALVADOR; ISRAEL; MILITARY-CIVILIAN JUNTA; PRESIDENT LEMUS; UAR NATIONAL ASSEMBLY; WEST GERMANY; GIZENGAS REGIME; KASAVUBU; LUMUMBA SUPPORTERS; MOBUTU; UNITED ARAB REPUBLIC,17,9,Person,Nasir,Leader who urged the UAR National Assembly's action against France.; Leader initiating anti-French campaign.; Leader associated with the UAR.; Nationalist leader of Egypt mentioned in the context of Soviet foreign policy.; UAR official involved in discussions about Jordan.; UAR President whose influence is a concern for King Saud.; Leader of the UAR; President of the UAR involved in disputes with Bourguiba.,person_name,person_name,0.6921,0.1206,0.5,0.5,0.0435,1.0,shared_type,,,0.95,accept_rule,1,accept_rule,NASIR,4010edbb0c58dc8996bbc10c904236a2e0ccfe23,,,,
PRESIDENT THOMAZ,THOMAZ,THOMAZ,deterministic,person_title_variant,2,1,2,Person,Person,President Thomaz,President of Portugal; The President of Portugal involved in political discussions.,BOTELHO MONIZ; ICHIRO KONO; IKEDA; JAPAN; KHRUSHCHEV; LIBERAL-DEMOCRATIC PARTY; PREMIER SALAZAR; AMBASSADOR THOMPSON; DEPUTY FOREIGN MINISTER PUSHKIN; FRENCH FOREIGN MINISTRY; GROMYKO; LAOTIAN GOVERNMENT,2,2,Person,Thomaz,President of Portugal who was advised to dismiss Salazar.; Hand-picked by Salazar as party candidate for the presidency.,person_name,person_name,0.7304,0.2298,0.5455,0.5,0.0435,1.0,shared_type,,,0.95,accept_rule,1,accept_rule,THOMAZ,bd992e69eaa3421ccd885170385e5e76655e28c9,,,,
SOUPHANNOUVONG,PRINCE SOUPHANNOUVONG,PRINCE SOUPHANNOUVONG,deterministic,person_title_variant,2,2,2,Person,Person,Souphannouvong,A Pathet Lao leader who welcomed Soviet initiatives.; Pathet Lao leader involved in tripartite meeting.,LAOS; COMMUNIST CHINA; GENERAL PHOUMI; LU TING-YI; NORTH VIETNAM; PATHET LAO; SOVIET UNION; ACCRA; AMBASSADOR BROWN; DIEM GOVERNMENT; DNEPROGES; GHANA,5,5,Person,Prince Souphannouvong,"Pathet Lao leader and Souvanna's half-brother.; Head of the NLHS, considered a nationalist.; Pathet Lao leader warning about US intervention in Laos.; Leader of the Pathet Lao who spoke against US actions in Laos.; Leader of the Pathet Lao faction.",person_name,person_name,0.8926,0.3195,0.8,0.5,0.0909,1.0,shared_type,,,0.95,accept_rule,1,accept_rule,PRINCE SOUPHANNOUVONG,86e1317d9a84485d03ddcc551a0402c134880e8d,,,,
KONG LE/PATHET LAO,KONG LE - PATHET LAO,KONG LE - PATHET LAO,deterministic,token_bag_match,2,1,2,Military,Military,Kong Le/Pathet Lao,Troops that offered little resistance to the government's final move in Laos.; Forces moving eastward along Route 7 in Laos.,LAOS; CHIANG KAI-SHEK; CONGO; GIZENGA; HAMMARSKJOLD; LIBERIA; LUMUMBA; MALAYA; NIGERIAN PLAN; PHOU KHOUN; PLAINE DES JARRES; REPUBLIC OF TOGO,13,12,Military; PoliticalGroup,Kong Le - Pathet Lao,Troops capturing Ban Ta Viang.; Forces opposing the government in Laos.; Antigovernment forces in Laos.; A political and military group in Laos.; Opposing forces in the conflict in Laos.; Forces holding the Plaine des Jarres since 1 January.; Antigovernment forces in Laos; Forces that the Laotian Army aims to divert.,military,military,0.7023,0.1592,0.8947,1.0,0.0909,1.0,shared_type,,,0.94,accept_rule,1,accept_rule,KONG LE - PATHET LAO,6834d366c7a15b92fe14ed8ae8920938991cbf85,,,,
ALEXANDER,GENERAL ALEXANDER,GENERAL ALEXANDER,deterministic,person_title_variant,1,1,1,Person,Person,Alexander,General of the Ghanaian armed forces who communicated with the American ambassador.,GHANA; GIZENGA; LAOS; NKRUMAH; PATHET LAO; UN FORCES; VIETNAMESE,1,1,Person,General Alexander,An individual communicating plans regarding the Congo.,person_name,person_name,0.8644,0.1724,0.6923,0.5,0.1176,1.0,shared_type,,,0.95,accept_rule,1,accept_rule,GENERAL ALEXANDER,cf6bf5c49fa1704fb6eec063ce8ff92cc088a02b,,,,
AUNG GYI,BRIGADIER AUNG GYI,BRIGADIER AUNG GYI,deterministic,person_title_variant,1,1,1,Person,Person,Aung Gyi,Deputy Chief of Staff considered a rival to Aung Shwe.,AUNG SHWE; BELGIAN MILITARY ADVISERS; BRITISH FOREIGN OFFICE; BURMESE ARMY; CONGO; GIZENGA; KASAVUBU; LUMUMBA; MAUNG MAUNG; MOBUTU; NE WIN; NEHRU,1,1,Person,Brigadier Aung Gyi,Burmese Vice Chief of Staff conducting an investigation.,person_name,person_name,0.621,0.1753,0.6154,0.6667,0.0,1.0,shared_type,,,0.95,accept_rule,1,accept_rule,BRIGADIER AUNG GYI,67de6a19274ca492d0978bfab6b577799f5a6a18,,,,
BETANCOURT,PRESIDENT BETANCOURT,PRESIDENT BETANCOURT,deterministic,person_title_variant,1,1,1,Person,Person,Betancourt,President of Venezuela.,ABDULLAH RIMAWI; ALI ABU NUWAR; DOMINICAN REPUBLIC; JORDAN; KHRUSHCHEV; KOMMUNIST; NASIR; TRUJILLO; UAR; VENEZUELA,3,2,Person,President Betancourt,The President of Venezuela committed to moderate leftist reform.; President of Venezuela concerned about rightist plotting.; The President of Venezuela who faced assassination attempts.,person_name,person_name,0.8225,0.246,0.6667,0.5,0.0,1.0,shared_type,,,0.95,accept_rule,1,accept_rule,PRESIDENT BETANCOURT,6010e44cf67575d16fb1d45dbdf8d276ff00e2e0,,,,
CASTILLO NAVARRETE,COL. CASTILLO NAVARRETE,COL. CASTILLO NAVARRETE,deterministic,person_title_variant,1,1,1,Person,Person,Castillo Navarrete,Defense Minister of El Salvador.,AMERICAN EMBASSY; BOUN OUM - PHOUMI GOVERNMENT; CHILE; EL SALVADOR; PHILIPPINES; SERRANO; SOVIET UNION,1,1,Person,Col. Castillo Navarrete,Minister of defense of the Salvadoran junta.,person_name,person_name,0.9123,0.1781,0.878,0.6667,0.0769,1.0,shared_type,,,0.95,accept_rule,1,accept_rule,COL. CASTILLO NAVARRETE,76ddb38c15c8f1e38a7755441279734d63881cdd,,,,
COLONEL MOBUTU,MOBUTU,MOBUTU,deterministic,person_title_variant,1,1,1,Person,Person,Colonel Mobutu,Leader of the forces that arrested Lumumba,ANGLO-ITALIAN NEGOTIATING TEAM; BALEWA; LUMUMBA; MOGADISCIO; NATO; NIGERIA; SOMALI ARMY; UAR; UN; US; USSR,25,23,Person,Mobutu,"Leader of the Congo Army, negotiating for military support.; Leader in the Congo; Leader in Congo cooperating with Tshombe.; Proposed a military conference.; Leader of the regime receiving aid from Belgium.; Potential adversary of Gizenga; Leader of the army receiving Belgian assistance.; The local military commander and provincial government supporter during the conflict.",person_name,person_name,0.7291,0.1175,0.6,0.5,0.0952,1.0,shared_type,,,0.95,accept_rule,1,accept_rule,MOBUTU,211ead152c58bfa5df16abdd71fc8ae26a306bf0,,,,
COLONEL MOBUTU,GENERAL MOBUTU,GENERAL MOBUTU,deterministic,person_title_variant,1,1,1,Person,Person,Colonel Mobutu,Leader of the forces that arrested Lumumba,ANGLO-ITALIAN NEGOTIATING TEAM; BALEWA; LUMUMBA; MOGADISCIO; NATO; NIGERIA; SOMALI ARMY; UAR; UN; US; USSR,1,1,Person,General Mobutu,Congolese military leader involved in discussions for a confederation.,person_name,person_name,0.5836,0.0833,0.7143,0.3333,0.0588,1.0,shared_type,,,0.95,accept_rule,2,accept_rule,GENERAL MOBUTU,ae69f04f174034425c0f91ddfbd2fafee37c2e91,,,,
DELGADO,GENERAL DELGADO,GENERAL DELGADO,deterministic,person_title_variant,1,1,1,Person,Person,Delgado,Supported in the African provinces during the 1958 presidential election campaign.,ANGOLA; GALVAO; NATIONAL UNION; PORTUGAL; SALAZAR; SANTA MARIA; UNITED STATES,1,1,Person,General Delgado,Attributed to a subversive plan in Angola.,person_name,person_name,0.8275,0.1196,0.6364,0.5,0.0714,1.0,shared_type,,,0.95,accept_rule,1,accept_rule,GENERAL DELGADO,cdf5c1d0fc37757f8878e76ece6d98d662ba1ffb,,,,
EYSKENS,PREMIER EYSKENS,PREMIER EYSKENS,deterministic,person_title_variant,1,1,1,Person,Person,Eyskens,Prime Minister of Belgium,BELGIUM; ROMAN CATHOLIC TRADE UNION FEDERATION; SOCIAL CHRISTIAN - LIBERAL GOVERNMENT; WALLOON SOCIALIST DEPUTIES,1,1,Person,Premier Eyskens,Premier of Belgium who is expected to be replaced.,person_name,person_name,0.7341,0.1873,0.6364,0.5,0.0769,1.0,shared_type,,,0.95,accept_rule,1,accept_rule,PREMIER EYSKENS,fc0205f0670ebd2e6beabbdd3461f12c539da0b2,,,,
FABIO CASTILLO,DR. FABIO CASTILLO,DR. FABIO CASTILLO,deterministic,person_title_variant,1,1,1,Person,Person,Fabio Castillo,"third civilian member of the deposed junta, still in hiding",AMERICAN EMBASSY; ANIBAL PORTILLO; EL SALVADOR; FELICIANO AVELAR; JOSE ANTONIO RODRIGUEZ PORTH; JOSE ENRIQUE VALIENTE; JULIO RIVERA; OSORIO,1,1,Person,Dr. Fabio Castillo,Remaining junta member believed to be sympathetic to extreme leftists,person_name,person_name,0.9089,0.4055,0.875,0.6667,0.0714,1.0,shared_type,,,0.95,accept_rule,1,accept_rule,DR. FABIO CASTILLO,02c97e9cfb91cdfc1d8e294a82624acb4c63f57e,,,,
GENERAL ABBOUD,ABBOUD,ABBOUD,deterministic,person_title_variant,1,1,1,Person,Person,General Abboud,Leader who came to power in Sudan after the 1958 revolution.,BOURGUIBA; DE GAULLE; FERHAT ABBAS; MAJOR GENERAL HASAN BASHIR NASR; MOHAMMED BEN BELLA; SUDANESE MILITARY GOVERNMENT; SUPREME MILITARY COUNCIL,2,1,Person,Abboud,Leader of the Sudanese government facing opposition.; Possible political figure attempting to influence the civilian opposition.,person_name,person_name,0.8225,0.1013,0.6,0.5,0.1176,1.0,shared_type,,,0.95,accept_rule,1,accept_rule,ABBOUD,25a02822b4a02a97e3a42c0f82c441fee8e2717c,,,,
GENERAL MOBUTU,MOBUTU,MOBUTU,deterministic,person_title_variant,1,1,1,Person,Person,General Mobutu,Congolese military leader involved in discussions for a confederation.,CHEN YI; CONGO; GIZENGA; INDONESIA; PEIPING; TSHOMBÉ; UN,25,23,Person,Mobutu,"Leader of the Congo Army, negotiating for military support.; Leader in the Congo; Leader in Congo cooperating with Tshombe.; Proposed a military conference.; Leader of the regime receiving aid from Belgium.; Potential adversary of Gizenga; Leader of the army receiving Belgian assistance.; The local military commander and provincial government supporter during the conflict.",person_name,person_name,0.8005,0.1292,0.6,0.5,0.1875,1.0,shared_type,,,0.95,accept_rule,1,accept_rule,MOBUTU,711cfb9e075796f97a2e13887374baf2051522f4,,,,
HUSAYN,KING HUSAYN,KING HUSAYN,deterministic,person_title_variant,1,1,1,Person,Person,Husayn,King of Jordan who took action against military officers,AKIF FAYIZ; BADR; BANI SAKHIR; HABES MAJALLI; IMAM OF YEMEN; MAJOR GENERAL AKASH ZABIN; SAUDI ARABIA; TANGANYIKA; UAR,3,3,Person,King Husayn,"King of Jordan; King of Jordan, opposes Nasir's influence in the Arab League.; King of Jordan who acted against a coup plot.",person_name,person_name,0.8638,0.224,0.7059,0.5,0.05,1.0,shared_type,,,0.95,accept_rule,1,accept_rule,KING HUSAYN,f2395223e2c599411666e1538b477317f55295eb,,,,
JOSE ANTONIO RODRIGUEZ PORTH,DR. JOSE ANTONIO RODRIGUEZ PORTH,DR. JOSE ANTONIO RODRIGUEZ PORTH,deterministic,person_title_variant,1,1,1,Person,Person,Jose Antonio Rodriguez Porth,lawyer and former dean of the law school of the National University,AMERICAN EMBASSY; ANIBAL PORTILLO; EL SALVADOR; FABIO CASTILLO; FELICIANO AVELAR; JOSE ENRIQUE VALIENTE; JULIO RIVERA; OSORIO,1,1,Person,Dr. Jose Antonio Rodriguez Porth,"Conservative, pro-US lawyer and former dean of the school of law, part of the new junta",person_name,person_name,0.951,0.4626,0.9333,0.8,0.0714,1.0,shared_type,,,0.95,accept_rule,1,accept_rule,DR. JOSE ANTONIO RODRIGUEZ PORTH,7491d8c6fda10a589d7ba86627bcd79ae40acb9f,,,,
MAHENDRA,KING MAHENDRA,KING MAHENDRA,deterministic,person_title_variant,1,1,1,Person,Person,Mahendra,King of Nepal who reversed democracy,CONGRESS PARTY; NEHRU; NEPALI COMMUNIST PARTY; NEW DELHI; PATNA; PEIPING,4,2,Person,King Mahendra,The King of Nepal who took over the government on 15 December.; King of Nepal who dismissed the Congress party government.; King of Nepal whose administration is facing internal problems.; Consolidating his position since taking direct control of the government.,person_name,person_name,0.8887,0.25,0.7619,0.5,0.0588,1.0,shared_type,,,0.95,accept_rule,1,accept_rule,KING MAHENDRA,e23dc6f011d81dc4b0c3c4146dacdea856abae9b,,,,
MAUNG MAUNG,BRIGADIER MAUNG MAUNG,BRIGADIER MAUNG MAUNG,deterministic,person_title_variant,1,1,1,Person,Person,Maung Maung,Brigadier and close adviser to Ne Win.,AUNG GYI; AUNG SHWE; BELGIAN MILITARY ADVISERS; BRITISH FOREIGN OFFICE; BURMESE ARMY; CONGO; GIZENGA; KASAVUBU; LUMUMBA; MOBUTU; NE WIN; NEHRU,2,2,Person,Brigadier Maung Maung,Resigned from the Burmese Army.; A spokesman for the ousted officers in the Burmese army.,person_name,person_name,0.805,0.2691,0.6875,0.5,0.0909,1.0,shared_type,,,0.95,accept_rule,1,accept_rule,BRIGADIER MAUNG MAUNG,b3d4a5aba4cf4fb6be0a8ce520d0a682f5b43bb3,,,,
MAURICE CHALLE,GENERAL MAURICE CHALLE,GENERAL MAURICE CHALLE,deterministic,person_title_variant,1,1,1,Person,Person,Maurice Challe,Air Force General and ranking French officer in SHAPE.,ALGERIA; CHINESE COMMUNIST NAVY; DE GAULLE; PAUL ELY; SACEUR,1,1,Person,General Maurice Challe,NATO commander who resigned in protest over Algerian policy.,person_name,person_name,0.8908,0.1529,0.7778,0.6667,0.0625,1.0,shared_type,,,0.95,accept_rule,1,accept_rule,GENERAL MAURICE CHALLE,d985ade5309c1dcef2f47ab3cb9e491b1360dff2,,,,
NGUYEN CHI THANH,GENERAL NGUYEN CHI THANH,GENERAL NGUYEN CHI THANH,deterministic,person_title_variant,1,1,1,Person,Person,Nguyen Chi Thanh,A politician and general involved in Vietnamese military and political affairs.,HO CHI MINH; LE DUAN; MOROCCO; NATIONAL LIBERATION FRONT; SOUTH VIETNAM; SPAIN; SPANISH SAHARA; TRUONG CHINH; VO NGUYEN GIAP,1,1,Person,General Nguyen Chi Thanh,Politburo member and army political commissar in North Vietnam.,person_name,person_name,0.8933,0.2773,0.8,0.75,0.0,1.0,shared_type,,,0.95,accept_rule,1,accept_rule,GENERAL NGUYEN CHI THANH,18d6f935b19b0fdd9dbef590a3bfb327f0f607de,,,,
OUANE,GENERAL OUANE,GENERAL OUANE,deterministic,person_title_variant,1,1,1,Person,Person,Ouane,A general sent to Muong Sai to set up defenses.,BOUN OUM GOVERNMENT; KHAM KONG; LUANG PRABANG; MUONG SAI; NAM BAC; NORTH VIETNAM; PAK SANE; PATHET LAO; SEATO; THA THOM; USSR; XIENG KHOUANG PROVINCE,2,2,Person,General Ouane,General Staff Chief reporting on the military situation in Laos.; Chief of the general staff of the Laotian army.,person_name,person_name,0.7703,0.2022,0.5556,0.5,0.1429,1.0,shared_type,,,0.95,accept_rule,1,accept_rule,GENERAL OUANE,e7d4b1d1520f875c92ff944e7c8700da99c6b7c2,,,,
PAZ,PRESIDENT PAZ,PRESIDENT PAZ,deterministic,person_title_variant,1,1,1,Person,Person,Paz,Bolivian President,AUTHENTIC MNR; COMMUNISTS; INTER-AMERICAN DEVELOPMENT BANK; LA PAZ; MINE CORPORATION OF BOLIVIA (COMIBOL); NATIONALIST REVOLUTIONARY MOVEMENT (MNR); TROTSKYITES; USSR; WEST GERMANY,1,1,Person,President Paz,The President of Bolivia who plans to utilize both US and Soviet bloc aid.,person_name,person_name,0.5318,0.141,0.375,0.5,0.0,1.0,shared_type,,,0.95,accept_rule,1,accept_rule,PRESIDENT PAZ,92ddc01f40f05a7cda85ad9dc748116210ced5ef,,,,
PREMIER FANFANI,FANFANI,FANFANI,deterministic,person_title_variant,1,1,1,Person,Person,Premier Fanfani,Premier of Italy whose government is threatened by political alliances.,BRAZIL; GOMULKA; ITALY; JANIO QUADROS; KATANGA; LUALABA; POLAND; PORTUGUESE GOVERNMENT; PRESIDENT KASAVUBU; SALAZAR REGIME; SUDAN; UN,2,2,Person,Fanfani,Political figure involved in the cabinet discussions; Italian leader with possible shared concerns with the Dutch,person_name,person_name,0.7584,0.0594,0.6364,0.5,0.0,1.0,shared_type,,,0.95,accept_rule,1,accept_rule,FANFANI,2be351a32bc9ada31dcc74a47b1b2dce15917487,,,,
PREMIER NU,NU,NU,deterministic,person_title_variant,1,1,1,Person,Person,Premier Nu,"Political leader in Burma, facing challenges within his party.",ALGERIA; AYUB KHAN; BURMA; CZECHOSLOVAKIA; ECUADOR; FRANCE; GENERAL NE WIN; INDIA; JOSE CHIRIBOGA; LOUIS JOXE; PAKISTAN; REPUBLIC OF THE CONGO,2,2,Person,Nu,"Political figure in Burma, leader of the Union party.; Former leader whose administration was considered ineffectual by Ne Win.",person_name,person_name,0.3915,0.1695,0.3333,0.5,0.0909,1.0,shared_type,,,0.95,accept_rule,1,accept_rule,NU,abf777bfb1b9f9d764554df8641eabdff503d246,,,,
PREMIER SALAZAR,SALAZAR,SALAZAR,deterministic,person_title_variant,1,1,1,Person,Person,Premier Salazar,Premier of Portugal,BOTELHO MONIZ; ICHIRO KONO; IKEDA; JAPAN; KHRUSHCHEV; LIBERAL-DEMOCRATIC PARTY; PRESIDENT THOMAZ,13,8,Person,Salazar,"Dictator of Portugal, concerned about defections in Angola.; Premier of Portugal facing pressure from supporters.; Portuguese Premier facing criticism from supporters.; Premier of Portugal whose policies faced dissatisfaction from the armed forces.; Premier of Portugal; Premier of Portugal.; Premier of Portugal during the time of the events.; A political figure who informed President Thomaz about a meeting.",person_name,person_name,0.7139,0.2828,0.6364,0.5,0.0556,1.0,shared_type,,,0.95,accept_rule,1,accept_rule,SALAZAR,7b2df6aca59fd67957eba1be4a43904f0083766f,,,,
PRESIDENT GURSEL,GURSEL,GURSEL,deterministic,person_title_variant,1,1,1,Person,Person,President Gursel,President of Turkey who may select new cabinet members.,BOUN OUM GOVERNMENT; INTERNATIONAL CONTROL COMMISSION; JORDAN; NORTH VIETNAM; SOUVANNA PHOUMA; SOVIET IL-14S; SOVIET MI-4 HELICOPTERS; SOVIET UNION; SYRIA; TURKEY; UAR,3,2,Person,Gursel,President who is forming a new cabinet; Premier of Turkey.; Turkish leader who succeeded Menderes and has been invited by Khrushchev to Moscow.,person_name,person_name,0.7491,0.1623,0.5455,0.5,0.0455,1.0,shared_type,,,0.95,accept_rule,1,accept_rule,GURSEL,223c97fa1be5260ab3090fa022babe48b617e74e,,,,
PRESIDENT NKRUMAH,NKRUMAH,NKRUMAH,deterministic,person_title_variant,1,1,1,Person,Person,President Nkrumah,Ghanaian President honored in a parade in Conakry.,AIR FORCE COMMANDER; AMERICAN AMBASSADOR; CONGO; CZECHOSLOVAKIA; DAI VIET PARTY; ELISABETHVILLE; GHANA; GUINEA; KATANGA PROVINCE; KIVU PROVINCE; MODIBO KEITA; PRESIDENT DIEM,5,4,Person,Nkrumah,Ghanaian President facing pressure regarding troop withdrawal.; Leader of Ghana; Leader of Ghana who sent a message to Hammarskjold regarding Congo.; Leader of Ghana mentioned in the context of arms shipments and political pressure.; A person whose request is mentioned in the context of the Congo.,person_name,person_name,0.781,0.1253,0.5833,0.5,0.0909,1.0,shared_type,,,0.95,accept_rule,1,accept_rule,NKRUMAH,a61d5b6d40dcc2eccb10a9d4fc2ee538387744c7,,,,
PRESIDENT SUKARNO,SUKARNO,SUKARNO,deterministic,person_title_variant,1,1,1,Person,Person,President Sukarno,President of Indonesia who appointed leftists to executive bodies.,GENERAL NASUTION; GENERAL PHOUMI; HAITI; INDONESIAN COMMUNIST PARTY; LAOS; LUANG PRABANG; PATHET LAO; PRESIDENT DUVALIER; ROMAN CATHOLIC CHURCH; SUDIBJO,8,6,Person,Sukarno,"President of Indonesia; The leader promoting the National Front and guided democracy in Indonesia.; Nationalist leader of Indonesia mentioned in the context of Soviet foreign policy.; The first President of Indonesia.; President of Indonesia, issuing orders regarding military actions.; President of Indonesia during Chen Yi's visit.; Indonesian President planning a visit to the US.",person_name,person_name,0.7666,0.2846,0.5833,0.5,0.1579,1.0,shared_type,,,0.95,accept_rule,1,accept_rule,SUKARNO,fc1b0513362dcb8b85f8fd5bee61572a629dbe2a,,,,
PRESIDENT TSHOMBÉ,TSHOMBÉ,TSHOMBÉ,deterministic,person_title_variant,1,1,1,Person,Person,President Tshombé,The president of the Congo mentioned in relation to internal conflicts.,ACCRA; AMERICAN AMBASSADOR; AMERICAN EMBASSY IN LEOPOLDVILLE; BELGIAN-CONTROLLED MINING COMPANY; CONGO; GENERAL ALEXANDER; GIZENGA; ILEO GOVERNMENT; INTERIOR MINISTER MUNONGO; NKRUMAH; PRIME MINISTER CHANG MYON; SOUTH KOREA,25,16,Person,Tshombé,Facing security problems in Katanga.; Leader associated with Katanga's militia; Leader of forces in Katanga Province receiving military advisers.; President of Katanga requesting military advisers.; Leader of a rival faction in Congo mentioned in the context of military actions.; President of Katanga; President of Katanga opposing disarmament.; Leader reportedly recruiting pilots and soldiers in South Africa.,person_name,person_name,0.752,0.1015,0.5833,0.5,0.0909,1.0,shared_type,,,0.95,accept_rule,1,accept_rule,TSHOMBÉ,3d085ca58037043d2ede44e4c9f5ca104bc5a774,,,,
PRESIDENT YDIGORAS,YDIGORAS,YDIGORAS,deterministic,person_title_variant,1,1,1,Person,Person,President Ydigoras,"President of Guatemala, involved in Communist leaders' return",INDONESIAN PRESIDENT SUKARNO; KHRUSHCHEV; LEONID SEDOV; PRIME MINISTER IKEDA; SOVIET EMBASSY IN WASHINGTON; USSR,3,1,Person,Ydigoras,President of Guatemala maintaining stability through divide-and-rule tactics.; Guatemalan President mentioned in the context of political tactics.; A target of Castro in Latin America.,person_name,person_name,0.8026,0.161,0.6154,0.5,0.0,1.0,shared_type,,,0.95,accept_rule,1,accept_rule,YDIGORAS,2d5bfa16f33a28ca900d2cc9603dfdd2f4e6a8eb,,,,
PRINCE SOUVANNA PHOUMA,SOUVANNA PHOUMA,SOUVANNA PHOUMA,deterministic,person_title_variant,1,1,1,Person,Person,Prince Souvanna Phouma,"Former Premier of Laos, recognized by the Communist side.",BOLIVIA; BOUN OUM; COMMUNISTS; INTERNATIONAL CONTROL COMMISSION; LAOS; PHAM VAN DONG; QUINIM PHOLSENA; USSR; WEST GERMANY,43,30,Person,Souvanna Phouma,"Individual who declared he would step down if the Boun Oum government was invested.; Legal government leader of Laos.; Represents the legal government of Laos according to the bloc.; Laotian political figure, premier; Legal government figure mentioned; Individual to discuss government formation in Laos.; Deposed premier of Laos.; Reportedly under pressure to leave Phnom Penh for Communist-controlled territory in northern Laos.",person_name,person_name,0.8618,0.1397,0.8108,0.6667,0.1667,1.0,shared_type,,,0.95,accept_rule,1,accept_rule,SOUVANNA PHOUMA,b21517b44425553d29498720da965a8daf245165,,,,
SARIT,PREMIER SARIT,PREMIER SARIT,deterministic,person_title_variant,1,1,1,Person,Person,Sarit,Premier of Thailand who commented on the Laotian situation.,COMMUNIST CHINA; KHRUSHCHEV; LAOS; NORTH VIETNAM; PUSHKIN; SOVIET UNION; THAILAND; UNITED KINGDOM; WALTER LIPPMANN,1,1,Person,Premier Sarit,"Premier of Thailand, to meet General Phoumi.",person_name,person_name,0.6613,0.1885,0.5556,0.5,0.0,1.0,shared_type,,,0.95,accept_rule,1,accept_rule,PREMIER SARIT,c3b3ebb386f0d33dae43f60d59ab850a3fd8746b,,,,
SAUD,KING SAUD,KING SAUD,deterministic,person_title_variant,1,1,1,Person,Person,Saud,Former King of Saudi Arabia who withdrew from active leadership in March 1958.,ARAB LEAGUE; FAYSAL; HABIB BOURGUIBA; IRAQ; JORDAN; NASIR; SALAH BEN YOUSSEF; SARRAJ; SAUDI ARABIA; UAR,2,1,Person,King Saud,King of Saudi Arabia attempting to improve his political position.; King of Saudi Arabia,person_name,person_name,0.7748,0.3692,0.6154,0.5,0.1579,1.0,shared_type,,,0.95,accept_rule,1,accept_rule,KING SAUD,a5c11d40ab353621305725d4cfe6e25fcdde4b51,,,,
STEVENSON,AMBASSADOR STEVENSON,AMBASSADOR STEVENSON,deterministic,person_title_variant,1,1,1,Person,Person,Stevenson,Ambassador receiving communication from Zorin.,BOMBOKO; GIZENGA; HAMMARSKJOLD; INDIA; KASAVUBU; MOBUTU; PEIPING; SOVIET UNION; TRINQUIER; TSHOMBE; ZORIN,2,2,Person,Ambassador Stevenson,US Ambassador receiving information from Hammarskjold; U.S. Ambassador informed about Dayal's return.,person_name,person_name,0.7678,0.1994,0.6207,0.5,0.15,1.0,shared_type,,,0.95,accept_rule,1,accept_rule,AMBASSADOR STEVENSON,d1b9c764cd1748a4dda1b8bd886741a0a13893c3,,,,
THOMPSON,AMBASSADOR THOMPSON,AMBASSADOR THOMPSON,deterministic,person_title_variant,1,1,1,Person,Person,Thompson,Ambassador who conversed with Khrushchev,ANGOLA; BRUSSELS; DELVAUX; HAMMARSKJOLD; ILEO; KASAVUBU; KHRUSHCHEV; KIBWE; LEOPOLDVILLE; LUMUMBA; MASSA; PORTUGUESE OVERSEAS MINISTRY,5,3,Person,Ambassador Thompson,US Ambassador receiving communications from Kuznetsov.; US Ambassador involved in discussions with Khrushchev.; The ambassador involved in a conversation with Gromyko.,person_name,person_name,0.7447,0.1449,0.5926,0.5,0.0435,1.0,shared_type,,,0.95,accept_rule,1,accept_rule,AMBASSADOR THOMPSON,ed90263239214b20e56d0164eb76c02c81693e7a,,,,
TIMBERLAKE,AMBASSADOR TIMBERLAKE,AMBASSADOR TIMBERLAKE,deterministic,person_title_variant,1,1,1,Person,Person,Timberlake,Ambassador in Leopoldville providing insights on the Congo situation.,CONGO; INDIA; KONG LE - PATHET LAO; LAOS; LEOPOLDVILLE; RANGOON; SOUVANNA PHOUMA; STANLEYVILLE; U NU,2,2,Person,Ambassador Timberlake,Ambassador who assessed the participants' attitudes; Received information from Ileo regarding the UN situation.,person_name,person_name,0.7978,0.1383,0.6452,0.5,0.05,1.0,shared_type,,,0.95,accept_rule,1,accept_rule,AMBASSADOR TIMBERLAKE,64b7eb230155c0cce298ca11bcf637dc5add94b5,,,,
TORANZO MONTERO,GENERAL TORANZO MONTERO,GENERAL TORANZO MONTERO,deterministic,person_title_variant,1,1,1,Person,Person,Toranzo Montero,Army Commander in Chief who resigned and plotted to oust Frondizi.,FRENCH FOREIGN MINISTRY; FRONDIZI; INTERNATIONAL CONTROL COMMISSION; LAOS; NORTH VIETNAMESE TROOPS; PATHET LAO; SANTA FE; SOUVANNA PHOUMA,1,1,Person,General Toranzo Montero,Commander in Chief of Argentina who resigned.,person_name,person_name,0.904,0.1659,0.7895,0.6667,0.0,1.0,shared_type,,,0.95,accept_rule,1,accept_rule,GENERAL TORANZO MONTERO,fff758737ae3e6a0516a934ff0cc9c309ac4c5b7,,,,
VO NGUYEN GIAP,GENERAL VO NGUYEN GIAP,GENERAL VO NGUYEN GIAP,deterministic,person_title_variant,1,1,1,Person,Person,Vo Nguyen Giap,Chief of Staff of the North Vietnamese Army.,HO CHI MINH; LE DUAN; MOROCCO; NATIONAL LIBERATION FRONT; NGUYEN CHI THANH; SOUTH VIETNAM; SPAIN; SPANISH SAHARA; TRUONG CHINH,1,1,Person,General Vo Nguyen Giap,"Chief of Staff in North Vietnam, rival of General Thanh.",person_name,person_name,0.8839,0.3443,0.7778,0.75,0.0,1.0,shared_type,,,0.95,accept_rule,1,accept_rule,GENERAL VO NGUYEN GIAP,2d442911edd2de06afabb1b503ef84668a3a85d1,,,,
ALGERIAN PROVISIONAL GOVERNMENT,PROVISIONAL ALGERIAN GOVERNMENT,PROVISIONAL ALGERIAN GOVERNMENT,deterministic,token_bag_match,1,1,1,Government,Government,Algerian Provisional Government,The rebel government of Algeria.,COMMON MARKET; FRANCE; GREECE; TAIPEI; THIRD ALL-AFRICAN PEOPLES CONFERENCE; USSR,2,2,Government; PoliticalGroup,Provisional Algerian Government,Government representing Algerian rebels.; Group mentioned in the context of Algeria's self-determination.,government,government,1.0,0.125,0.7097,1.0,0.0,1.0,shared_type,,,0.94,accept_rule,1,accept_rule,PROVISIONAL ALGERIAN GOVERNMENT,b65b60069acc28add4d5ed2b4a062afd48932a66,,,,
HOLDEN ROBERTO,ROBERTO HOLDEN,ROBERTO HOLDEN,deterministic,token_bag_match,1,1,1,Person,Person,Holden Roberto,Leader of the Angola Peoples' Union (UPA).,ALGERIA; ANGOLA; ANGOLA PEOPLES UNION (UPA); BOURGUIBAISM; FRANCE; KOSYGIN; LAOS; MONIZ; NASIR; NORTH VIETNAM; PORTUGAL; SAIGON,1,1,Person,Roberto Holden,"Leader of the Union of the Angolan People, currently in exile.",person_name,person_name,1.0,0.0705,0.5,1.0,0.0667,1.0,shared_type,,,0.94,accept_rule,1,accept_rule,ROBERTO HOLDEN,ef14c7e9e0a9fae566012024cbe63edd9f3a8252,,,,
PATHET LAO - KONG LE FORCES,KONG LE - PATHET LAO FORCES,KONG LE - PATHET LAO FORCES,deterministic,token_bag_match,1,1,1,PoliticalGroup,PoliticalGroup,Pathet Lao - Kong Le forces,Forces inviting Souvanna Phouma to lead an opposition government,BOUN OUM REGIME; CHINA; HAMMARSKJOLD; INDIA; ITALY; LAOS; NEHRU; PHNOM PENH; POLAND; PORTUGAL; TAIWAN; US,5,4,Military,Kong Le - Pathet Lao forces,Forces involved in the Laotian conflict.; Forces supported by the USSR; Forces mentioned in relation to the Laotian conflict.; Forces opposing the government advance in Laos.; military forces involved in Laos,military,military,1.0,0.1604,0.6296,1.0,0.0435,0.82,same_type_group,,,0.94,accept_rule,1,accept_rule,KONG LE - PATHET LAO FORCES,31fd2545f5157aa50263e3207c87df43bb67c6b1,,,,
PATHET LAO - KONG LE FORCES,KONG LE/PATHET LAO FORCES,KONG LE/PATHET LAO FORCES,deterministic,token_bag_match,1,1,1,PoliticalGroup,PoliticalGroup,Pathet Lao - Kong Le forces,Forces inviting Souvanna Phouma to lead an opposition government,BOUN OUM REGIME; CHINA; HAMMARSKJOLD; INDIA; ITALY; LAOS; NEHRU; PHNOM PENH; POLAND; PORTUGAL; TAIWAN; US,3,3,Military; PoliticalGroup,Kong Le/Pathet Lao forces,Forces involved in the Laotian conflict.; The military forces associated with the Pathet Lao.; Antigovernment forces in Laos.,military,military,0.7706,0.1658,0.6538,1.0,0.0,1.0,shared_type,,,0.94,accept_rule,2,accept_rule,KONG LE/PATHET LAO FORCES,f083be747f0a5bc47aad3dc55ad0adb116efb296,,,,
INTERNATIONAL CONTROL COMMISSION (ICC),INTERNATIONAL CONTROL COMMISSION,INTERNATIONAL CONTROL COMMISSION,deterministic,parenthetical_base_match,1,1,1,Organization,Organization,International Control Commission (ICC),Proposed to take preliminary soundings regarding its role in Laos.,BOUN OUM; KONG LE; LAOTIAN NATIONAL MILITARY COMMITTEE; PATHET LAO; PHENG PONGSAVAN; PHNOM PENH; PHOUMI VONGVICHIT; PRINCE SOUPHANNOUVONG; QUINIM PHOLSENA; SOUVANNA PHOUMA; USSR; VIENTIANE,8,7,Organization; Other,International Control Commission,Commission mentioned for reactivation in the context of Laos.; Commission being appealed for reactivation in Laos.; Commission involved in the Laotian crisis.; Commission mentioned in the context of reactivation and negotiations.; Commission for Laos that King Savang is willing to receive.; An organization that the bloc opposes reactivating without a prior international conference.; Proposed to be reactivated for cease-fire arrangements in Laos.; Commission related to the crisis in Laos.,organization,organization,0.882,0.1086,0.9143,0.75,0.0909,1.0,shared_type,,,0.91,accept_rule,1,accept_rule,INTERNATIONAL CONTROL COMMISSION,e66d1bf6615b20ed0015e567b5871b29b00876d0,,,,
IRAQ PETROLEUM COMPANY (IPC),IRAQ PETROLEUM COMPANY,IRAQ PETROLEUM COMPANY,deterministic,parenthetical_base_match,1,1,1,Organization,Organization,Iraq Petroleum Company (IPC),Company involved in oil negotiations with Iraq.,CHIANG KAI-SHEK; CHINESE NATIONALIST OFFICIALS; KHRUSHCHEV; PRIME MINISTER QASIM; USSR; WALTER LIPPMANN,3,3,Organization,Iraq Petroleum Company,Company with French shares subject to potential nationalization.; Company involved in negotiations with the Qasim regime.; A company involved in oil production in Iraq.,organization,organization,0.8748,0.3328,0.88,0.75,0.0,1.0,shared_type,,,0.91,accept_rule,1,accept_rule,IRAQ PETROLEUM COMPANY,1527877d0830d17b1c16d1550b8ed7fdefa21836,,,,
NATIONAL LIBERATION FRONT (FLN),NATIONAL LIBERATION FRONT,NATIONAL LIBERATION FRONT,deterministic,parenthetical_base_match,1,1,1,PoliticalGroup,PoliticalGroup,National Liberation Front (FLN),Algerian rebel group involved in talks with De Gaulle.,ABBOUD; ANSAR; BOURGUIBA; BRITAIN; DE GAULLE; IRAN; ISFAHAN; KATANGA; LUMUMBA; SIDDIQ AL-MAHDI; SOUTH AFRICA; SUDAN,2,2,PoliticalGroup,National Liberation Front,A political organization in South Vietnam.; A political group in South Vietnam associated with the Communist movement.,political_group,political_group,0.832,0.0461,0.8929,0.75,0.0,1.0,shared_type,,,0.91,accept_rule,1,accept_rule,NATIONAL LIBERATION FRONT,214972ca0a4eadf4e4ffea3a8bbd9d6b532c8941,,,,
ORGANIZATION OF AMERICAN STATES (OAS),ORGANIZATION OF AMERICAN STATES,ORGANIZATION OF AMERICAN STATES,deterministic,parenthetical_base_match,1,1,1,Organization,Organization,Organization of American States (OAS),a 21-member organization involved in discussions about Cuba,AMERICAN CONSULATE GENERAL IN HONG KONG; COLOMBIAN FOREIGN MINISTER TURBAY; KWANGTUNG; MEXICAN FOREIGN MINISTER TELLO; PEOPLES DAILY; SHANTUNG,2,2,Organization,Organization of American States,Regional organization for cooperation among the Americas.; The organization to which Venezuela presented charges against the Dominican Republic.,organization,organization,0.8734,0.1359,0.9118,0.75,0.0,1.0,shared_type,,,0.91,accept_rule,1,accept_rule,ORGANIZATION OF AMERICAN STATES,ce0017e46100f8d6348726c60e388375651494db,,,,
CNU,COMMITTEE OF NATIONAL UNION,COMMITTEE OF NATIONAL UNION,deterministic,acronym_match,1,1,1,PoliticalGroup,PoliticalGroup,CNU,Group that may have prompted the resignations,ATAMAN; AYUB; GURSEL; OZDILEK; PAKISTAN; REPUBLICAN PEOPLES PARTY; SARPER,4,3,PoliticalGroup,Committee of National Union,The ruling political group in Turkey at the time.; Military regime that overthrew the Menderes government.; Ruling military junta in Turkey.; A political group involved in the transition to civil control.,political_group,political_group,0.0,0.0958,0.2,0.0,0.0556,1.0,shared_type,,,0.9,accept_rule,1,accept_rule,COMMITTEE OF NATIONAL UNION,a23afefad7fb52cd8dc58d3b1c989da0285d0ab6,,,,
IPC,IRAQ PETROLEUM COMPANY,IRAQ PETROLEUM COMPANY,deterministic,acronym_match,1,1,1,Organization,Organization,IPC,Company involved in oil negotiations with the Iraqi government.,CHINA; FRANCE; IRAQ; NATIONALIST CHINA; QASIM; UNITED STATES,3,3,Organization,Iraq Petroleum Company,Company with French shares subject to potential nationalization.; Company involved in negotiations with the Qasim regime.; A company involved in oil production in Iraq.,organization,organization,0.0,0.2858,0.24,0.0,0.0,1.0,shared_type,,,0.9,accept_rule,1,accept_rule,IRAQ PETROLEUM COMPANY,c738a40fc946940f95a72579bb152f8dce8edb19,,,,
KADU,KENYA AFRICAN DEMOCRATIC UNION,KENYA AFRICAN DEMOCRATIC UNION,deterministic,acronym_match,1,1,1,PoliticalGroup,PoliticalGroup,KADU,A political group in Kenya willing to cooperate with the governor.,CENTRAL BANK; COLONIAL SECRETARY MACLEOD; EL SALVADOR; KANU; KENYATTA; MBOYA; MIRANDA LUPONE; RONALD NGALA; UNITED STATES,1,1,PoliticalGroup,Kenya African Democratic Union,Chief opposition group to KANU in Kenya with 15 seats.,political_group,political_group,0.0,0.1109,0.2353,0.0,0.0,1.0,shared_type,,,0.9,accept_rule,1,accept_rule,KENYA AFRICAN DEMOCRATIC UNION,5220a655e8b191b85cdcc6a31051c97efd23f002,,,,
KANU,KENYA AFRICAN NATIONAL UNION,KENYA AFRICAN NATIONAL UNION,deterministic,acronym_match,1,1,1,PoliticalGroup,PoliticalGroup,KANU,A political group in Kenya that threatens to cause difficulties for London.,CENTRAL BANK; COLONIAL SECRETARY MACLEOD; EL SALVADOR; KADU; KENYATTA; MBOYA; MIRANDA LUPONE; RONALD NGALA; UNITED STATES,1,1,PoliticalGroup,Kenya African National Union,Leading African nationalist party in Kenya with 20 seats in the legislature.,political_group,political_group,0.0,0.0789,0.25,0.0,0.0,1.0,shared_type,,,0.9,accept_rule,1,accept_rule,KENYA AFRICAN NATIONAL UNION,9dc436fbc6c2a09f65c4f9c3b7a13ce5a08282af,,,,
USIB,UNITED STATES INTELLIGENCE BOARD,UNITED STATES INTELLIGENCE BOARD,deterministic,acronym_match,1,1,1,Organization,Organization,USIB,U.S. Intelligence Board reviewing Berlin situation,ALGERIA; BERLIN; CUBA; DE GAULLE; NIKOLAI BURDENKO; USSR,1,1,Organization,United States Intelligence Board,A board that includes representatives from various departments and agencies of the United States.,organization,organization,0.0,0.1619,0.2222,0.0,0.0909,1.0,shared_type,,,0.9,accept_rule,1,accept_rule,UNITED STATES INTELLIGENCE BOARD,3b89bfddace666601628c69e8b8b54a2a52d9bc8,,,,
