alias,canonical_label,review_status,rule_reason,final_score,mention_count,unique_docs
A GROMYKO,GROMYKO,accept_rule,leading_article,0.96,1,1
ABD AL HAKIM AMIR,GENERAL ABD AL HAKIM AMIR,accept_rule,person_title_variant,0.95,1,1
ABD AL RAHMAN,PRINCE ABD AL RAHMAN,accept_rule,person_title_variant,0.95,2,1
ABDI,MAJOR GENERAL ABDI,accept_rule,person_title_variant,0.95,2,2
ABDUL NASR,COLONEL ABDUL NASR,accept_rule,person_title_variant,0.95,1,1
ABDULLAH,KING ABDULLAH,accept_rule,person_title_variant,0.95,1,1
ACHESON,SECRETARY ACHESON,accept_rule,person_title_variant,0.95,3,3
ADIB SHISHAKLI,GENERAL ADIB SHISHAKLI,accept_rule,person_title_variant,0.95,2,2
ADMIRAL BRIGGS,AMBASSADOR BRIGGS,accept_rule,person_title_variant,0.95,1,1
ADMIRAL KUZNETSOV,KUZNETSOV,accept_rule,person_title_variant,0.95,1,1
ADMIRAL ROJAS,ROJAS,accept_rule,person_title_variant,0.95,3,3
AFSHARTUS,GENERAL AFSHARTUS,accept_rule,person_title_variant,0.95,1,1
ALAVI MOQADAM,GENERAL ALAVI MOQADAM,accept_rule,person_title_variant,0.95,1,1
ALDRICH,AMBASSADOR ALDRICH,accept_rule,person_title_variant,0.95,4,4
ALESSANDRI,GENERAL ALESSANDRI,accept_rule,person_title_variant,0.95,2,2
ALEXANDER,GENERAL ALEXANDER,accept_rule,person_title_variant,0.95,1,1
ALFREDO STROESSNER,GENERAL ALFREDO STROESSNER,accept_rule,person_title_variant,0.95,1,1
ALLEN,AMBASSADOR ALLEN,accept_rule,person_title_variant,0.95,11,11
AMBASSADOR ACHILLES,ACHILLES,accept_rule,person_title_variant,0.95,1,1
AMBASSADOR ALLISON,ALLISON,accept_rule,person_title_variant,0.95,20,20
AMBASSADOR BEAULAC,BEAULAC,accept_rule,person_title_variant,0.95,1,1
AMBASSADOR BOHLEN,BOHLEN,accept_rule,person_title_variant,0.95,46,45
AMBASSADOR CANNON,CANNON,accept_rule,person_title_variant,0.95,3,3
AMBASSADOR CHAPIN,CHAPIN,accept_rule,person_title_variant,0.95,3,3
AMBASSADOR COWEN,COWEN,accept_rule,person_title_variant,0.95,1,1
AMBASSADOR DEAN,DEAN,accept_rule,person_title_variant,0.95,2,2
AMBASSADOR DULLES,SECRETARY DULLES,accept_rule,person_title_variant,0.95,3,3
AMBASSADOR FARLAND,FARLAND,accept_rule,person_title_variant,0.95,1,1
AMBASSADOR GRADY,GRADY,accept_rule,person_title_variant,0.95,1,1
AMBASSADOR HARRIMAN,HARRIMAN,accept_rule,person_title_variant,0.95,3,3
AMBASSADOR HILDRETH,HILDRETH,accept_rule,person_title_variant,0.95,2,2
AMBASSADOR HUSSEIN,HUSSEIN,accept_rule,person_title_variant,0.95,1,1
AMBASSADOR JERNEGAN,JERNEGAN,accept_rule,person_title_variant,0.95,1,1
AMBASSADOR JESSUP,JESSUP,accept_rule,person_title_variant,0.95,1,1
AMBASSADOR JOXE,JOXE,accept_rule,person_title_variant,0.95,2,2
AMBASSADOR LAWSON,LAWSON,accept_rule,person_title_variant,0.95,10,10
AMBASSADOR MALIK,MALIK,accept_rule,person_title_variant,0.95,1,1
AMBASSADOR MASUD ANSARI,MASUD ANSARI,accept_rule,person_title_variant,0.95,1,1
AMBASSADOR MCCLOY,MCCLOY,accept_rule,person_title_variant,0.95,1,1
AMBASSADOR MCCONAUGHY,MCCONAUGHY,accept_rule,person_title_variant,0.95,2,2
AMBASSADOR MILLS,MILLS,accept_rule,person_title_variant,0.95,1,1
AMBASSADOR MURPHY,MURPHY,accept_rule,person_title_variant,0.95,11,10
AMBASSADOR NUFER,NUFER,accept_rule,person_title_variant,0.95,2,2
AMBASSADOR REINHARDT,REINHARDT,accept_rule,person_title_variant,0.95,1,1
AMBASSADOR RIDDLEBERGER,RIDDLEBERGER,accept_rule,person_title_variant,0.95,5,5
AMBASSADOR ROUNTREE,ROUNTREE,accept_rule,person_title_variant,0.95,1,1
AMBASSADOR RUSSELL,RUSSELL,accept_rule,person_title_variant,0.95,1,1
AMBASSADOR SMITH,SMITH,accept_rule,person_title_variant,0.95,1,1
AMBASSADOR STROM,STROM,accept_rule,person_title_variant,0.95,1,1
AMBASSADOR TAPPIN,TAPPIN,accept_rule,person_title_variant,0.95,1,1
AMBASSADOR WARREN,WARREN,accept_rule,person_title_variant,0.95,5,5
AMER,GENERAL AMER,accept_rule,person_title_variant,0.95,1,1
AMG,ALLIED MILITARY GOVERNMENT,accept_rule,acronym_match,0.9,1,1
AMIR AZIZI,GENERAL AMIR AZIZI,accept_rule,person_title_variant,0.95,1,1
AMR,ABDUL MONEM RIFAI,accept_rule,acronym_match,0.9,1,1
ANASTASIO SOMOZA JR,GENERAL ANASTASIO SOMOZA JR,accept_rule,person_title_variant,0.95,1,1
AROSEMENA,PRESIDENT AROSEMENA,accept_rule,person_title_variant,0.95,1,1
AUGUSTIN GUILLAUME,GENERAL AUGUSTIN GUILLAUME,accept_rule,person_title_variant,0.95,1,1
AUNG GYI,BRIGADIER AUNG GYI,accept_rule,person_title_variant,0.95,3,2
BAKHTIAR,GENERAL BAKHTIAR,accept_rule,person_title_variant,0.95,9,8
BALLIVIAN,GENERAL BALLIVIAN,accept_rule,person_title_variant,0.95,1,1
BARLIAN,COL BARLIAN,accept_rule,person_title_variant,0.95,1,1
BARROSO,GENERAL BARROSO,accept_rule,person_title_variant,0.95,1,1
BASC,BERLIN AIR SAFETY CENTER,accept_rule,acronym_match,0.9,1,1
BEAM,AMBASSADOR BEAM,accept_rule,person_title_variant,0.95,1,1
BERNBAUM,AMBASSADOR BERNBAUM,accept_rule,person_title_variant,0.95,1,1
BERRY,AMBASSADOR BERRY,accept_rule,person_title_variant,0.95,3,3
BISHOP,AMBASSADOR BISHOP,accept_rule,person_title_variant,0.95,1,1
BONSAL,AMBASSADOR BONSAL,accept_rule,person_title_variant,0.95,4,3
BOUNTHENG,MAJOR BOUNTHENG,accept_rule,person_title_variant,0.95,1,1
BOWLES,AMBASSADOR BOWLES,accept_rule,person_title_variant,0.95,1,1
BPM,BAGHDAD PACT MEMBERS,accept_rule,acronym_match,0.9,1,1
BRIGADIER GENERAL PHOUMI,GENERAL PHOUMI,accept_rule,person_title_variant,0.95,1,1
BRIGADIER HASAN BASHIR NASIR,HASAN BASHIR NASIR,accept_rule,person_title_variant,0.95,1,1
BRIGGS,AMBASSADOR BRIGGS,accept_rule,person_title_variant,0.95,15,15
BROWN,AMBASSADOR BROWN,accept_rule,person_title_variant,0.95,1,1
BRUCE,AMBASSADOR BRUCE,accept_rule,person_title_variant,0.95,5,5
BUNKER,AMBASSADOR BUNKER,accept_rule,person_title_variant,0.95,2,2
BURGESS,AMBASSADOR BURGESS,accept_rule,person_title_variant,0.95,1,1
BURNS,GENERAL BURNS,accept_rule,person_title_variant,0.95,6,6
BYROADE,AMBASSADOR BYROADE,accept_rule,person_title_variant,0.95,9,9
CAFFERY,AMBASSADOR CAFFERY,accept_rule,person_title_variant,0.95,23,23
CAPTAIN KONG LE,KONG LE,accept_rule,person_title_variant,0.95,37,30
CAPTAIN MUSTAFA HAMDUN,COL MUSTAFA HAMDUN,accept_rule,person_title_variant,0.95,1,1
CARDENAS,GENERAL CARDENAS,accept_rule,person_title_variant,0.95,1,1
CASTILLO NAVARRETE,COL CASTILLO NAVARRETE,accept_rule,person_title_variant,0.95,1,1
CDU,CHRISTIAN DEMOCRATIC UNION,accept_rule,acronym_match,0.9,9,9
CHAIRMAN LIUSHAO CHI,LIUSHAO CHI,accept_rule,person_title_variant,0.95,1,1
CHAIRMAN VOROSHILOV,VOROSHILOV,accept_rule,person_title_variant,0.95,1,1
CHALLE,GENERAL CHALLE,accept_rule,person_title_variant,0.95,3,2
CHAMOUN,PRESIDENT CHAMOUN,accept_rule,person_title_variant,0.95,22,19
CHANG CHING WU,GENERAL CHANG CHING WU,accept_rule,person_title_variant,0.95,1,1
CHATAIGNEAU,AMBASSADOR CHATAIGNEAU,accept_rule,person_title_variant,0.95,1,1
CHEHAB,GENERAL CHEHAB,accept_rule,person_title_variant,0.95,1,1
CHIA YU HUI,GENERAL CHIA YU HUI,accept_rule,person_title_variant,0.95,1,1
CHIARI,PRESIDENT CHIARI,accept_rule,person_title_variant,0.95,3,2
CHONG,GENERAL CHONG,accept_rule,person_title_variant,0.95,1,1
CHUIKOV,GENERAL CHUIKOV,accept_rule,person_title_variant,0.95,1,1
CIA,CENTRAL INTELLIGENCE AGENCY,accept_rule,acronym_match,0.9,16,16
CLARK,GENERAL CLARK,accept_rule,person_title_variant,0.95,2,2
CNU,COMMITTEE OF NATIONAL UNION,accept_rule,acronym_match,0.9,5,5
COCHRAN,AMBASSADOR COCHRAN,accept_rule,person_title_variant,0.95,2,2
COGNY,GENERAL COGNY,accept_rule,person_title_variant,0.95,1,1
COL ALPASLAN TURKES,COLONEL ALPASLAN TURKES,accept_rule,person_title_variant,0.95,1,1
COL ANIBAL PORTILLO,ANIBAL PORTILLO,accept_rule,person_title_variant,0.95,1,1
COL DE CASTRIES,DE CASTRIES,accept_rule,person_title_variant,0.95,1,1
COL JANI,COLONEL JANI,accept_rule,person_title_variant,0.95,1,1
COL JUAN F OLIVA,COLONEL JUAN F OLIVA,accept_rule,person_title_variant,0.95,1,1
COL KAWILARANG,COLONEL KAWILARANG,accept_rule,person_title_variant,0.95,4,3
COL KHAMMOUANE,COLONEL KHAMMOUANE,accept_rule,person_title_variant,0.95,1,1
COL LUBIS,COLONEL LUBIS,accept_rule,person_title_variant,0.95,1,1
COL MOBUTU,MOBUTU,accept_rule,person_title_variant,0.95,2,1
COL SARRAJ,SARRAJ,accept_rule,person_title_variant,0.95,2,2
COL SIMBOLON,COLONEL SIMBOLON,accept_rule,person_title_variant,0.95,6,6
COL SUDIRMAN,COLONEL SUDIRMAN,accept_rule,person_title_variant,0.95,1,1
COL WEIZMANN,COLONEL WEIZMANN,accept_rule,person_title_variant,0.95,1,1
COLLINS,GENERAL COLLINS,accept_rule,person_title_variant,0.95,1,1
COLONEL ANASTASIO SOMOZA JR,GENERAL ANASTASIO SOMOZA JR,accept_rule,person_title_variant,0.95,1,1
COLONEL ANIBAL PORTILLO,ANIBAL PORTILLO,accept_rule,person_title_variant,0.95,2,2
COLONEL ARMANDO VELASQUEZ,ARMANDO VELASQUEZ,accept_rule,person_title_variant,0.95,1,1
COLONEL DE CASTRIES,DE CASTRIES,accept_rule,person_title_variant,0.95,1,1
COLONEL KIM,KIM,accept_rule,person_title_variant,0.95,1,1
COLONEL KOUPRASITH,COL KOUPRASITH,accept_rule,person_title_variant,0.95,2,2
COLONEL MAHDAWI,COL MAHDAWI,accept_rule,person_title_variant,0.95,3,3
COLONEL MARIANO OSPINA RODRIGUEZ,GENERAL MARIANO OSPINA RODRIGUEZ,accept_rule,person_title_variant,0.95,1,1
COLONEL MAUNG MAUNG,BRIGADIER MAUNG MAUNG,accept_rule,person_title_variant,0.95,1,1
COLONEL MENDOZA,MENDOZA,accept_rule,person_title_variant,0.95,1,1
COLONEL MOBUTU,MOBUTU,accept_rule,person_title_variant,0.95,9,8
COLONEL NAINGGOLAN,NAINGGOLAN,accept_rule,person_title_variant,0.95,1,1
COLONEL NASR,NASR,accept_rule,person_title_variant,0.95,22,21
COLONEL PAL MALETER,MAJOR GENERAL PAL MALETER,accept_rule,person_title_variant,0.95,1,1
COLONEL REMON,REMON,accept_rule,person_title_variant,0.95,1,1
COLONEL SANTOS COSTA,SANTOS COSTA,accept_rule,person_title_variant,0.95,4,2
COLONEL SARRAJ,SARRAJ,accept_rule,person_title_variant,0.95,8,8
COLONEL SHAH,SHAH,accept_rule,person_title_variant,0.95,3,3
COLONEL SHISHAKLI,SHISHAKLI,accept_rule,person_title_variant,0.95,9,9
COLONEL SOMOZA,SOMOZA,accept_rule,person_title_variant,0.95,1,1
COMMANDER WINTERTON,GENERAL WINTERTON,accept_rule,person_title_variant,0.95,1,1
CONANT,AMBASSADOR CONANT,accept_rule,person_title_variant,0.95,8,8
COTY,PRESIDENT COTY,accept_rule,person_title_variant,0.95,12,11
CPI,COMMUNIST PARTY OF INDIA,accept_rule,acronym_match,0.9,3,3
CRAVEIRO LOPES,GENERAL CRAVEIRO LOPES,accept_rule,person_title_variant,0.95,1,1
CROWE,AMBASSADOR CROWE,accept_rule,person_title_variant,0.95,1,1
CSU,CHRISTIAN SOCIALIST UNION,accept_rule,acronym_match,0.9,1,1
CUMMING,AMBASSADOR CUMMING,accept_rule,person_title_variant,0.95,4,4
DAVIS,AMBASSADOR DAVIS,accept_rule,person_title_variant,0.95,1,1
DE LANGLADE,GENERAL DE LANGLADE,accept_rule,person_title_variant,0.95,1,1
DE LATTRE,GENERAL DE LATTRE,accept_rule,person_title_variant,0.95,14,14
DEBRE,PREMIER DEBRE,accept_rule,person_title_variant,0.95,2,2
DELGADO,GENERAL DELGADO,accept_rule,person_title_variant,0.95,1,1
DIAZ,COLONEL DIAZ,accept_rule,person_title_variant,0.95,1,1
DILLON,AMBASSADOR DILLON,accept_rule,person_title_variant,0.95,36,36
DOCTOR MATTHEWS,AMBASSADOR MATTHEWS,accept_rule,person_title_variant,0.95,1,1
DONOVAN,AMBASSADOR DONOVAN,accept_rule,person_title_variant,0.95,1,1
DOVAS,GENERAL DOVAS,accept_rule,person_title_variant,0.95,1,1
DOWLING,AMBASSADOR DOWLING,accept_rule,person_title_variant,0.95,1,1
DR HERRERA,HERRERA,accept_rule,person_title_variant,0.95,1,1
DR KURT SCHUMACHER,KURT SCHUMACHER,accept_rule,person_title_variant,0.95,1,1
DR RADHAKRISHNAN,RADHAKRISHNAN,accept_rule,person_title_variant,0.95,1,1
DR RAMON VILLEDA MORALES,RAMON VILLEDA MORALES,accept_rule,person_title_variant,0.95,1,1
DULLES,SECRETARY DULLES,accept_rule,person_title_variant,0.95,20,20
DUNN,AMBASSADOR DUNN,accept_rule,person_title_variant,0.95,3,3
DURBROW,AMBASSADOR DURBROW,accept_rule,person_title_variant,0.95,1,1
ELY,GENERAL ELY,accept_rule,person_title_variant,0.95,5,5
ENRIQUE OLIVA,COLONEL ENRIQUE OLIVA,accept_rule,person_title_variant,0.95,1,1
FABIO CASTILLO,DR FABIO CASTILLO,accept_rule,person_title_variant,0.95,1,1
FAHAD,PRINCE FAHAD,accept_rule,person_title_variant,0.95,1,1
FAISAL,KING FAISAL,accept_rule,person_title_variant,0.95,4,4
FAO,FRANKFURT AM ODER,accept_rule,acronym_match,0.9,1,1
FAROUK,KING FAROUK,accept_rule,person_title_variant,0.95,21,19
FBI,FEDERAL BUREAU OF INVESTIGATION,accept_rule,acronym_match,0.9,1,1
FDP,FREE DEMOCRATIC PARTY,accept_rule,acronym_match,0.9,1,1
FECHTELER,ADMIRAL FECHTELER,accept_rule,person_title_variant,0.95,1,1
FRANK GRAHAM,DR FRANK GRAHAM,accept_rule,person_title_variant,0.95,1,1
FRITZ DORLS,DR FRITZ DORLS,accept_rule,person_title_variant,0.95,1,1
FULGENCIO BATISTA,GENERAL FULGENCIO BATISTA,accept_rule,person_title_variant,0.95,1,1
GAILLARD,PREMIER GAILLARD,accept_rule,person_title_variant,0.95,13,11
GALLMAN,AMBASSADOR GALLMAN,accept_rule,person_title_variant,0.95,3,3
GARCIA,PRESIDENT GARCIA,accept_rule,person_title_variant,0.95,5,4
GDR,GERMAN DEMOCRATIC REPUBLIC,accept_rule,acronym_match,0.9,15,15
GEN ADIL SHIHAB,GENERAL ADIL SHIHAB,accept_rule,person_title_variant,0.95,1,1
GEN ALI ABUNUWAR,ALI ABUNUWAR,accept_rule,person_title_variant,0.95,1,1
GEN TEIMUR BAKHTIAR,MAJOR GENERAL TEIMUR BAKHTIAR,accept_rule,person_title_variant,0.95,1,1
GENERAL ABBOUD,ABBOUD,accept_rule,person_title_variant,0.95,2,2
GENERAL ABDI,MAJOR GENERAL ABDI,accept_rule,person_title_variant,0.95,2,2
GENERAL AMIR,AMIR,accept_rule,person_title_variant,0.95,1,1
GENERAL ANASTASIO SOMOZA,ANASTASIO SOMOZA,accept_rule,person_title_variant,0.95,1,1
GENERAL ARAMBURU,ARAMBURU,accept_rule,person_title_variant,0.95,1,1
GENERAL AYUB,AYUB,accept_rule,person_title_variant,0.95,5,4
GENERAL AYUB KHAN,AYUB KHAN,accept_rule,person_title_variant,0.95,2,2
GENERAL BATISTA,BATISTA,accept_rule,person_title_variant,0.95,2,2
GENERAL BOTELHO MONIZ,BOTELHO MONIZ,accept_rule,person_title_variant,0.95,2,2
GENERAL BRIGGS,AMBASSADOR BRIGGS,accept_rule,person_title_variant,0.95,1,1
GENERAL CARLOS TORANZO MONTERO,CARLOS TORANZO MONTERO,accept_rule,person_title_variant,0.95,2,2
GENERAL CEMAL GURSEL,CEMAL GURSEL,accept_rule,person_title_variant,0.95,1,1
GENERAL CHARLES DE GAULLE,CHARLES DE GAULLE,accept_rule,person_title_variant,0.95,2,2
GENERAL CHONG IL KWON,CHONG IL KWON,accept_rule,person_title_variant,0.95,6,6
GENERAL DAP CHHUON,DAP CHHUON,accept_rule,person_title_variant,0.95,2,2
GENERAL DE GAULLE,DE GAULLE,accept_rule,person_title_variant,0.95,31,27
GENERAL EISENHOWER,EISENHOWER,accept_rule,person_title_variant,0.95,13,11
GENERAL FERNANDEZ,FERNANDEZ,accept_rule,person_title_variant,0.95,2,1
GENERAL FRANCO,FRANCO,accept_rule,person_title_variant,0.95,14,13
GENERAL GEORGE GRIVAS,GEORGE GRIVAS,accept_rule,person_title_variant,0.95,2,2
GENERAL GRIVAS,GRIVAS,accept_rule,person_title_variant,0.95,10,6
GENERAL GUILLAUME,GUILLAUME,accept_rule,person_title_variant,0.95,1,1
GENERAL HEDAYAT,HEDAYAT,accept_rule,person_title_variant,0.95,1,1
GENERAL HEJAZI,HEJAZI,accept_rule,person_title_variant,0.95,1,1
GENERAL HIYARI,HIYARI,accept_rule,person_title_variant,0.95,1,1
GENERAL KEBREAU,KEBREAU,accept_rule,person_title_variant,0.95,1,1
GENERAL LE VAN TY,LE VAN TY,accept_rule,person_title_variant,0.95,1,1
GENERAL LI MI,LI MI,accept_rule,person_title_variant,0.95,13,13
GENERAL LOPES,PRESIDENT LOPES,accept_rule,person_title_variant,0.95,1,1
GENERAL MACARTHUR,AMBASSADOR MACARTHUR,accept_rule,person_title_variant,0.95,3,3
GENERAL MAGLOIRE,MAGLOIRE,accept_rule,person_title_variant,0.95,1,1
GENERAL MAHMOUD,MAHMOUD,accept_rule,person_title_variant,0.95,1,1
GENERAL MAHMUD AMINI,MAHMUD AMINI,accept_rule,person_title_variant,0.95,1,1
GENERAL MIGUEL YDIGORAS,MIGUEL YDIGORAS,accept_rule,person_title_variant,0.95,1,1
GENERAL MIGUEL YDIGORAS FUENTES,MIGUEL YDIGORAS FUENTES,accept_rule,person_title_variant,0.95,1,1
GENERAL MOBUTU,MOBUTU,accept_rule,person_title_variant,0.95,6,6
GENERAL NE WIN,NE WIN,accept_rule,person_title_variant,0.95,16,15
GENERAL NGUYEN VAN VY,NGUYEN VAN VY,accept_rule,person_title_variant,0.95,1,1
GENERAL NIZAM AL DIN,NIZAM AL DIN,accept_rule,person_title_variant,0.95,2,2
GENERAL NURI SAID,NURI SAID,accept_rule,person_title_variant,0.95,1,1
GENERAL NUWAR,NUWAR,accept_rule,person_title_variant,0.95,4,3
GENERAL ODRIA,ODRIA,accept_rule,person_title_variant,0.95,1,1
GENERAL OUAN,OUAN,accept_rule,person_title_variant,0.95,1,1
GENERAL PAEK,PAEK,accept_rule,person_title_variant,0.95,2,2
GENERAL PAL MALETER,MAJOR GENERAL PAL MALETER,accept_rule,person_title_variant,0.95,1,1
GENERAL PAPAGOS,PAPAGOS,accept_rule,person_title_variant,0.95,1,1
GENERAL PAUL ELY,PAUL ELY,accept_rule,person_title_variant,0.95,2,2
GENERAL PENG TEH HUAI,PENG TEH HUAI,accept_rule,person_title_variant,0.95,1,1
GENERAL PERON,PERON,accept_rule,person_title_variant,0.95,1,1
GENERAL PHAO,PHAO,accept_rule,person_title_variant,0.95,2,2
GENERAL POPOVIC,POPOVIC,accept_rule,person_title_variant,0.95,1,1
GENERAL PRAPAT,PRAPAT,accept_rule,person_title_variant,0.95,2,2
GENERAL RAOUL SALAN,RAOUL SALAN,accept_rule,person_title_variant,0.95,2,1
GENERAL ROJAS,ROJAS,accept_rule,person_title_variant,0.95,1,1
GENERAL ROJAS PINILLA,ROJAS PINILLA,accept_rule,person_title_variant,0.95,1,1
GENERAL ROMULO,ROMULO,accept_rule,person_title_variant,0.95,1,1
GENERAL SARIT,SARIT,accept_rule,person_title_variant,0.95,9,9
GENERAL SHISHAKLI,SHISHAKLI,accept_rule,person_title_variant,0.95,2,2
GENERAL SHUQAYR,SHUQAYR,accept_rule,person_title_variant,0.95,1,1
GENERAL STROESSNER,STROESSNER,accept_rule,person_title_variant,0.95,1,1
GENERAL SUBARNA,SUBARNA,accept_rule,person_title_variant,0.95,1,1
GENERAL SUN LI JEN,SUN LI JEN,accept_rule,person_title_variant,0.95,1,1
GENERAL SVIRIDOV,SVIRIDOV,accept_rule,person_title_variant,0.95,1,1
GENERAL TEIMUR BAKHTIAR,MAJOR GENERAL TEIMUR BAKHTIAR,accept_rule,person_title_variant,0.95,1,1
GENERAL THANOM,THANOM,accept_rule,person_title_variant,0.95,2,2
GENERAL THIMAYYA,THIMAYYA,accept_rule,person_title_variant,0.95,9,8
GENERAL TIBURCIO CARIAS,TIBURCIO CARIAS,accept_rule,person_title_variant,0.95,1,1
GENERAL TIOULONG,TIOULONG,accept_rule,person_title_variant,0.95,1,1
GENERAL TORANZO MONTERO,TORANZO MONTERO,accept_rule,person_title_variant,0.95,1,1
GENERAL TRINH MINH THE,COLONEL TRINH MINH THE,accept_rule,person_title_variant,0.95,1,1
GENERAL VO NGUYEN GIAP,VO NGUYEN GIAP,accept_rule,person_title_variant,0.95,3,3
GENERAL WON YONG TOK,WON YONG TOK,accept_rule,person_title_variant,0.95,2,2
GENERAL YDIGORAS,YDIGORAS,accept_rule,person_title_variant,0.95,4,2
GENERAL YI,YI,accept_rule,person_title_variant,0.95,1,1
GENERAL ZAHEDI,ZAHEDI,accept_rule,person_title_variant,0.95,6,6
GENERALISSIMO CHIANG KAI SHEK,CHIANG KAI SHEK,accept_rule,person_title_variant,0.95,1,1
GENERALISSIMO FRANCO,FRANCO,accept_rule,person_title_variant,0.95,1,1
GENERALISSIMO TRUJILLO,TRUJILLO,accept_rule,person_title_variant,0.95,10,10
GIAP,GENERAL GIAP,accept_rule,person_title_variant,0.95,1,1
GINTING,COLONEL GINTING,accept_rule,person_title_variant,0.95,1,1
GLUBB,GENERAL GLUBB,accept_rule,person_title_variant,0.95,2,2
GLUBB PASHA,GENERAL GLUBB PASHA,accept_rule,person_title_variant,0.95,1,1
GONZALEZ VIDELA,PRESIDENT GONZALEZ VIDELA,accept_rule,person_title_variant,0.95,2,2
GREEN,AMBASSADOR GREEN,accept_rule,person_title_variant,0.95,1,1
GURSEL,GENERAL GURSEL,accept_rule,person_title_variant,0.95,9,9
HAJ ALI KIA,GENERAL HAJ ALI KIA,accept_rule,person_title_variant,0.95,1,1
HARE,AMBASSADOR HARE,accept_rule,person_title_variant,0.95,5,5
HARRISON,GENERAL HARRISON,accept_rule,person_title_variant,0.95,1,1
HASSAN II,KING HASSAN II,accept_rule,person_title_variant,0.95,2,2
HASTINGS BANDA,DR HASTINGS BANDA,accept_rule,person_title_variant,0.95,5,4
HEATH,AMBASSADOR HEATH,accept_rule,person_title_variant,0.95,15,15
HENDERSON,AMBASSADOR HENDERSON,accept_rule,person_title_variant,0.95,20,20
HERTER,SECRETARY HERTER,accept_rule,person_title_variant,0.95,2,2
HEUSS,PRESIDENT HEUSS,accept_rule,person_title_variant,0.95,1,1
HINH,GENERAL HINH,accept_rule,person_title_variant,0.95,12,11
HUGHES,AMBASSADOR HUGHES,accept_rule,person_title_variant,0.95,1,1
HUSAYN,KING HUSAYN,accept_rule,person_title_variant,0.95,9,9
HUSSAIN,KING HUSSAIN,accept_rule,person_title_variant,0.95,11,11
HUSSAIN KHALIDI,DR HUSSAIN KHALIDI,accept_rule,person_title_variant,0.95,1,1
HUSSAYN,KING HUSSAYN,accept_rule,person_title_variant,0.95,5,5
IBN SAUD,KING IBN SAUD,accept_rule,person_title_variant,0.95,5,5
IBRD,INTERNATIONAL BANK FOR RECONSTRUCTION AND DEVELOPMENT,accept_rule,acronym_match,0.9,8,7
ICC,INTERNATIONAL CONTROL COMMISSION,accept_rule,acronym_match,0.9,7,7
ICRC,INTERNATIONAL COMMITTEE OF THE RED CROSS,accept_rule,acronym_match,0.9,3,3
IDRIS,KING IDRIS,accept_rule,person_title_variant,0.95,3,2
IDRISS,KING IDRISS,accept_rule,person_title_variant,0.95,5,5
IMF,INTERNATIONAL MONETARY FUND,accept_rule,acronym_match,0.9,2,2
JACOBS,AMBASSADOR JACOBS,accept_rule,person_title_variant,0.95,1,1
JANABI,BRIGADIER JANABI,accept_rule,person_title_variant,0.95,1,1
JEAN VALLUY,GENERAL JEAN VALLUY,accept_rule,person_title_variant,0.95,1,1
JOHNSON,AMBASSADOR JOHNSON,accept_rule,person_title_variant,0.95,1,1
JONES,AMBASSADOR JONES,accept_rule,person_title_variant,0.95,3,2
JOSE ANTONIO RODRIGUEZ PORTH,DR JOSE ANTONIO RODRIGUEZ PORTH,accept_rule,person_title_variant,0.95,1,1
JUAN F OLIVA,COLONEL JUAN F OLIVA,accept_rule,person_title_variant,0.95,1,1
JUIN,GENERAL JUIN,accept_rule,person_title_variant,0.95,2,2
K S THIMAYYA,GENERAL K S THIMAYYA,accept_rule,person_title_variant,0.95,1,1
KAWILARANG,COLONEL KAWILARANG,accept_rule,person_title_variant,0.95,3,3
KAYSON,GENERAL KAYSON,accept_rule,person_title_variant,0.95,1,1
KENNAN,AMBASSADOR KENNAN,accept_rule,person_title_variant,0.95,8,8
KENNEDY,PRESIDENT KENNEDY,accept_rule,person_title_variant,0.95,4,4
KEY,AMBASSADOR KEY,accept_rule,person_title_variant,0.95,2,2
KHOURI,PRESIDENT KHOURI,accept_rule,person_title_variant,0.95,2,2
KIM YUN KUN,BRIGADIER GENERAL KIM YUN KUN,accept_rule,person_title_variant,0.95,1,1
KING FAYSAL,FAYSAL,accept_rule,person_title_variant,0.95,7,7
KING HASSAN,HASSAN,accept_rule,person_title_variant,0.95,1,1
KING HUSSEIN,HUSSEIN,accept_rule,person_title_variant,0.95,4,4
KITRILAKIS,GENERAL KITRILAKIS,accept_rule,person_title_variant,0.95,1,1
KMT,KOREAN MISSION IN TOKYO,accept_rule,acronym_match,0.9,1,1
KOUPRASITH,COL KOUPRASITH,accept_rule,person_title_variant,0.95,1,1
KUBAAR,PREMIER KUBAAR,accept_rule,person_title_variant,0.95,1,1
KUBITSCHEK,PRESIDENT KUBITSCHEK,accept_rule,person_title_variant,0.95,15,14
LACY,AMBASSADOR LACY,accept_rule,person_title_variant,0.95,1,1
LANIEL,PREMIER LANIEL,accept_rule,person_title_variant,0.95,20,19
LDP,LIBERAL DEMOCRATIC PARTY,accept_rule,acronym_match,0.9,4,4
LIU,GENERAL LIU,accept_rule,person_title_variant,0.95,1,1
LLERAS,PRESIDENT LLERAS,accept_rule,person_title_variant,0.95,1,1
LODGE,AMBASSADOR LODGE,accept_rule,person_title_variant,0.95,3,3
LON NOL,GENERAL LON NOL,accept_rule,person_title_variant,0.95,2,1
LOPES,PRESIDENT LOPES,accept_rule,person_title_variant,0.95,1,1
LOPEZ,COLONEL LOPEZ,accept_rule,person_title_variant,0.95,1,1
LOTT,GENERAL LOTT,accept_rule,person_title_variant,0.95,1,1
LSSP,LANKA SAMA SAMAJ PARTY,accept_rule,acronym_match,0.9,1,1
LUBIS,COLONEL LUBIS,accept_rule,person_title_variant,0.95,2,2
LUCE,AMBASSADOR LUCE,accept_rule,person_title_variant,0.95,8,8
LUNDULA,GENERAL LUNDULA,accept_rule,person_title_variant,0.95,2,2
MACARTHUR,AMBASSADOR MACARTHUR,accept_rule,person_title_variant,0.95,13,12
MADANOGLU,GENERAL MADANOGLU,accept_rule,person_title_variant,0.95,1,1
MAHDAWI,COL MAHDAWI,accept_rule,person_title_variant,0.95,1,1
MAHENDRA,KING MAHENDRA,accept_rule,person_title_variant,0.95,2,2
MAHMUD SHAWKAT,COL MAHMUD SHAWKAT,accept_rule,person_title_variant,0.95,1,1
MAJOR ABD AL HAMID SARRAJ,ABD AL HAMID SARRAJ,accept_rule,person_title_variant,0.95,1,1
MAJOR CHE GUEVARA,CHE GUEVARA,accept_rule,person_title_variant,0.95,1,1
MAJOR ERNESTO GUEVARA,ERNESTO GUEVARA,accept_rule,person_title_variant,0.95,1,1
MAJOR GENERAL AMER,GENERAL AMER,accept_rule,person_title_variant,0.95,2,2
MAJOR GENERAL BIZRI,BIZRI,accept_rule,person_title_variant,0.95,1,1
MAJOR GENERAL CARLOS TORANZO MONTERO,CARLOS TORANZO MONTERO,accept_rule,person_title_variant,0.95,2,1
MAJOR GENERAL CHASE,GENERAL CHASE,accept_rule,person_title_variant,0.95,1,1
MAJOR GENERAL HAKIM AMIR,HAKIM AMIR,accept_rule,person_title_variant,0.95,1,1
MAJOR GENERAL HIYARI,HIYARI,accept_rule,person_title_variant,0.95,1,1
MAJOR GENERAL LATIF,GENERAL LATIF,accept_rule,person_title_variant,0.95,1,1
MAJOR GENERAL MONIRETH,PRINCE MONIRETH,accept_rule,person_title_variant,0.95,1,1
MAJOR GENERAL PAK CHONG HUI,PAK CHONG HUI,accept_rule,person_title_variant,0.95,5,4
MAJOR GENERAL RILEY,GENERAL RILEY,accept_rule,person_title_variant,0.95,1,1
MAJOR GENERAL SADIQ SHARA,SADIQ SHARA,accept_rule,person_title_variant,0.95,1,1
MAJOR GENERAL SELO,COLONEL SELO,accept_rule,person_title_variant,0.95,1,1
MAJOR GENERAL TIOULONG,TIOULONG,accept_rule,person_title_variant,0.95,1,1
MAJOR NAINGGOLAN,NAINGGOLAN,accept_rule,person_title_variant,0.95,1,1
MAJOR RAUL CASTRO,RAUL CASTRO,accept_rule,person_title_variant,0.95,2,2
MAJOR ROBERTO GALVEZ,ROBERTO GALVEZ,accept_rule,person_title_variant,0.95,1,1
MAJOR SALAH SALIM,SALAH SALIM,accept_rule,person_title_variant,0.95,3,3
MAJOR SALAM,SALAM,accept_rule,person_title_variant,0.95,2,2
MAJOR SARRAJ,SARRAJ,accept_rule,person_title_variant,0.95,1,1
MALLORY,AMBASSADOR MALLORY,accept_rule,person_title_variant,0.95,3,3
MANCINELLI,GENERAL MANCINELLI,accept_rule,person_title_variant,0.95,1,1
MARCELLO CAETANO,DR MARCELLO CAETANO,accept_rule,person_title_variant,0.95,1,1
MARCIAL MERINO PEREIRA,GENERAL MARCIAL MERINO PEREIRA,accept_rule,person_title_variant,0.95,1,1
MARIAN SPYCHALSKI,GENERAL MARIAN SPYCHALSKI,accept_rule,person_title_variant,0.95,1,1
MARTIN NIEMOELLER,DR MARTIN NIEMOELLER,accept_rule,person_title_variant,0.95,1,1
MASSU,GENERAL MASSU,accept_rule,person_title_variant,0.95,2,2
MATTHEWS,AMBASSADOR MATTHEWS,accept_rule,person_title_variant,0.95,1,1
MAXIME WEYGAND,GENERAL MAXIME WEYGAND,accept_rule,person_title_variant,0.95,1,1
MCCLINTOCK,AMBASSADOR MCCLINTOCK,accept_rule,person_title_variant,0.95,4,4
MCGHEE,AMBASSADOR MCGHEE,accept_rule,person_title_variant,0.95,1,1
MCKEOWN,GENERAL MCKEOWN,accept_rule,person_title_variant,0.95,2,2
MENGHISTU,GENERAL MENGHISTU,accept_rule,person_title_variant,0.95,1,1
MERID,GENERAL MERID,accept_rule,person_title_variant,0.95,1,1
MOHAMED V,KING MOHAMED V,accept_rule,person_title_variant,0.95,4,4
MOHAMMED V,KING MOHAMMED V,accept_rule,person_title_variant,0.95,1,1
MONZON,COLONEL MONZON,accept_rule,person_title_variant,0.95,2,2
MOOSE,AMBASSADOR MOOSE,accept_rule,person_title_variant,0.95,2,2
MOUNTBATTEN,ADMIRAL MOUNTBATTEN,accept_rule,person_title_variant,0.95,1,1
MR CHURCHILL,CHURCHILL,accept_rule,person_title_variant,0.95,1,1
MR HARRIMAN,HARRIMAN,accept_rule,person_title_variant,0.95,1,1
MR VYSHINSKY,VYSHINSKY,accept_rule,person_title_variant,0.95,1,1
MRC,MILITARY REVOLUTIONARY COMMITTEE,accept_rule,acronym_match,0.9,1,1
MRS BANDARANAIKE,BANDARANAIKE,accept_rule,person_title_variant,0.95,3,3
MRS PERON,PERON,accept_rule,person_title_variant,0.95,1,1
MUCCIO,AMBASSADOR MUCCIO,accept_rule,person_title_variant,0.95,4,4
MUNOZ GRANDES,GENERAL MUNOZ GRANDES,accept_rule,person_title_variant,0.95,1,1
MUSA,GENERAL MUSA,accept_rule,person_title_variant,0.95,2,2
NAGIB,GENERAL NAGIB,accept_rule,person_title_variant,0.95,28,24
NAIF,PRINCE NAIF,accept_rule,person_title_variant,0.95,1,1
NAQDI,GENERAL NAQDI,accept_rule,person_title_variant,0.95,1,1
NASUTION,GENERAL NASUTION,accept_rule,person_title_variant,0.95,31,26
NAVARRE,GENERAL NAVARRE,accept_rule,person_title_variant,0.95,7,7
NCNA,NEW CHINA NEWS AGENCY,accept_rule,acronym_match,0.9,1,1
NGUYEN CHI THANH,GENERAL NGUYEN CHI THANH,accept_rule,person_title_variant,0.95,1,1
NGUYEN KHANH,GENERAL NGUYEN KHANH,accept_rule,person_title_variant,0.95,1,1
NLHS,NEO LAO HAK SAT,accept_rule,acronym_match,0.9,4,4
NLHZ,NEO LAO HAK ZAT,accept_rule,acronym_match,0.9,2,2
NNRC,NEUTRAL NATIONS REPATRIATION COMMISSION,accept_rule,acronym_match,0.9,2,2
NNSC,NEUTRAL NATIONS SUPERVISORY COMMISSION,accept_rule,acronym_match,0.9,5,4
NORSTAD,GENERAL NORSTAD,accept_rule,person_title_variant,0.95,2,2
NPC,NATIONAL PEOPLES CONGRESS,accept_rule,acronym_match,0.9,2,2
NSA,NATIONAL SECURITY AGENCY,accept_rule,acronym_match,0.9,1,1
OAS,ORGANIZATION OF AMERICAN STATES,accept_rule,acronym_match,0.9,43,38
ODANIEL,GENERAL ODANIEL,accept_rule,person_title_variant,0.95,1,1
OSWALDO LOPEZ,COLONEL OSWALDO LOPEZ,accept_rule,person_title_variant,0.95,1,1
OUANE,GENERAL OUANE,accept_rule,person_title_variant,0.95,10,8
PAASIKIVI,PRESIDENT PAASIKIVI,accept_rule,person_title_variant,0.95,1,1
PAEK SON YOP,GENERAL PAEK SON YOP,accept_rule,person_title_variant,0.95,2,2
PAL MALETER,MAJOR GENERAL PAL MALETER,accept_rule,person_title_variant,0.95,1,1
PAP,PEOPLES ACTION PARTY,accept_rule,acronym_match,0.9,3,3
PEREZ,PRESIDENT PEREZ,accept_rule,person_title_variant,0.95,3,2
PETSARATH,PRINCE PETSARATH,accept_rule,person_title_variant,0.95,6,5
PEURIFOY,AMBASSADOR PEURIFOY,accept_rule,person_title_variant,0.95,3,3
PHIN,GENERAL PHIN,accept_rule,person_title_variant,0.95,2,2
PHOUMI,GENERAL PHOUMI,accept_rule,person_title_variant,0.95,77,66
PRASAD,PRESIDENT PRASAD,accept_rule,person_title_variant,0.95,1,1
PREMIER ABBOUD,ABBOUD,accept_rule,person_title_variant,0.95,3,3
PREMIER ABDALLAH IBRAHIM,ABDALLAH IBRAHIM,accept_rule,person_title_variant,0.95,1,1
PREMIER ABDIRASCID,ABDIRASCID,accept_rule,person_title_variant,0.95,1,1
PREMIER AHIDJO,AHIDJO,accept_rule,person_title_variant,0.95,1,1
PREMIER BA SWE,BA SWE,accept_rule,person_title_variant,0.95,2,2
PREMIER BIERUT,BIERUT,accept_rule,person_title_variant,0.95,1,1
PREMIER BOUN OUM,BOUN OUM,accept_rule,person_title_variant,0.95,2,2
PREMIER BULGANIN,BULGANIN,accept_rule,person_title_variant,0.95,8,8
PREMIER BUU LOC,BUU LOC,accept_rule,person_title_variant,0.95,3,3
PREMIER CHERVENKOV,CHERVENKOV,accept_rule,person_title_variant,0.95,1,1
PREMIER CHOU EN LAI,CHOU EN LAI,accept_rule,person_title_variant,0.95,2,2
PREMIER CYRANKIEWICZ,CYRANKIEWICZ,accept_rule,person_title_variant,0.95,1,1
PREMIER DE GASPERI,DE GASPERI,accept_rule,person_title_variant,0.95,9,9
PREMIER DE GAULLE,DE GAULLE,accept_rule,person_title_variant,0.95,1,1
PREMIER DEBRÉ,DEBRÉ,accept_rule,person_title_variant,0.95,8,6
PREMIER DIEM,DIEM,accept_rule,person_title_variant,0.95,10,10
PREMIER DJUANDA,DJUANDA,accept_rule,person_title_variant,0.95,5,5
PREMIER EYSKENS,EYSKENS,accept_rule,person_title_variant,0.95,2,2
PREMIER FAURE,FAURE,accept_rule,person_title_variant,0.95,13,13
PREMIER GROTEWOHL,GROTEWOHL,accept_rule,person_title_variant,0.95,2,2
PREMIER HATOYAMA,HATOYAMA,accept_rule,person_title_variant,0.95,1,1
PREMIER HOXHA,HOXHA,accept_rule,person_title_variant,0.95,1,1
PREMIER HUU,HUU,accept_rule,person_title_variant,0.95,2,2
PREMIER IBRAHIM,IBRAHIM,accept_rule,person_title_variant,0.95,3,3
PREMIER KADAR,KADAR,accept_rule,person_title_variant,0.95,2,2
PREMIER KARAMANLIS,KARAMANLIS,accept_rule,person_title_variant,0.95,1,1
PREMIER KATAY,KATAY,accept_rule,person_title_variant,0.95,3,3
PREMIER KATAY SASORITH,KATAY SASORITH,accept_rule,person_title_variant,0.95,1,1
PREMIER KHRUSHCHEV,KHRUSHCHEV,accept_rule,person_title_variant,0.95,3,3
PREMIER LUMUMBA,LUMUMBA,accept_rule,person_title_variant,0.95,14,11
PREMIER MALAN,MALAN,accept_rule,person_title_variant,0.95,1,1
PREMIER MAYER,MAYER,accept_rule,person_title_variant,0.95,6,6
PREMIER MENDERES,MENDERES,accept_rule,person_title_variant,0.95,5,5
PREMIER MENDES FRANCE,MENDES FRANCE,accept_rule,person_title_variant,0.95,6,6
PREMIER MOLLET,MOLLET,accept_rule,person_title_variant,0.95,18,17
PREMIER MUNTASSER,MUNTASSER,accept_rule,person_title_variant,0.95,1,1
PREMIER NAGY,NAGY,accept_rule,person_title_variant,0.95,6,6
PREMIER NASR,NASR,accept_rule,person_title_variant,0.95,3,3
PREMIER NGO DINH DIEM,NGO DINH DIEM,accept_rule,person_title_variant,0.95,1,1
PREMIER NU,NU,accept_rule,person_title_variant,0.95,14,13
PREMIER NURI SAID,NURI SAID,accept_rule,person_title_variant,0.95,1,1
PREMIER PELLA,PELLA,accept_rule,person_title_variant,0.95,8,8
PREMIER PFLIMLIN,PFLIMLIN,accept_rule,person_title_variant,0.95,1,1
PREMIER PHIBUN,PHIBUN,accept_rule,person_title_variant,0.95,11,11
PREMIER PHOUI,PHOUI,accept_rule,person_title_variant,0.95,3,3
PREMIER PINAY,PINAY,accept_rule,person_title_variant,0.95,12,12
PREMIER PLEVEN,PLEVEN,accept_rule,person_title_variant,0.95,3,3
PREMIER QASIM,QASIM,accept_rule,person_title_variant,0.95,3,3
PREMIER RAKOSI,RAKOSI,accept_rule,person_title_variant,0.95,1,1
PREMIER RAZMARA,RAZMARA,accept_rule,person_title_variant,0.95,1,1
PREMIER SALAZAR,SALAZAR,accept_rule,person_title_variant,0.95,6,4
PREMIER SARIT,SARIT,accept_rule,person_title_variant,0.95,3,3
PREMIER SCELBA,SCELBA,accept_rule,person_title_variant,0.95,4,4
PREMIER SEGNI,SEGNI,accept_rule,person_title_variant,0.95,5,5
PREMIER SHEHU,SHEHU,accept_rule,person_title_variant,0.95,1,1
PREMIER SHEIKH ABDULLAH,SHEIKH ABDULLAH,accept_rule,person_title_variant,0.95,1,1
PREMIER SIHANOUK,SIHANOUK,accept_rule,person_title_variant,0.95,3,2
PREMIER SIROKY,SIROKY,accept_rule,person_title_variant,0.95,3,3
PREMIER SOUVANNA PHOUMA,SOUVANNA PHOUMA,accept_rule,person_title_variant,0.95,2,2
PREMIER TAM,TAM,accept_rule,person_title_variant,0.95,2,2
PREMIER TAMBRONI,TAMBRONI,accept_rule,person_title_variant,0.95,1,1
PREMIER TRAN VAN HUU,TRAN VAN HUU,accept_rule,person_title_variant,0.95,1,1
PREMIER TSHOMBÉ,TSHOMBÉ,accept_rule,person_title_variant,0.95,3,2
PREMIER UNU,UNU,accept_rule,person_title_variant,0.95,1,1
PREMIER YOSHIDA,YOSHIDA,accept_rule,person_title_variant,0.95,1,1
PRESIDENT ABBOUD,ABBOUD,accept_rule,person_title_variant,0.95,1,1
PRESIDENT AHIDJO,AHIDJO,accept_rule,person_title_variant,0.95,3,3
PRESIDENT ARAMBURU,ARAMBURU,accept_rule,person_title_variant,0.95,3,3
PRESIDENT ARBENZ,ARBENZ,accept_rule,person_title_variant,0.95,10,9
PRESIDENT ARIAS,ARIAS,accept_rule,person_title_variant,0.95,1,1
PRESIDENT AURIOL,AURIOL,accept_rule,person_title_variant,0.95,7,7
PRESIDENT AYUB,AYUB,accept_rule,person_title_variant,0.95,6,5
PRESIDENT BALAGUER,BALAGUER,accept_rule,person_title_variant,0.95,5,5
PRESIDENT BATISTA,BATISTA,accept_rule,person_title_variant,0.95,10,9
PRESIDENT BAYAR,BAYAR,accept_rule,person_title_variant,0.95,3,3
PRESIDENT BETANCOURT,BETANCOURT,accept_rule,person_title_variant,0.95,22,17
PRESIDENT BOURGHIBA,BOURGHIBA,accept_rule,person_title_variant,0.95,1,1
PRESIDENT BOURGUIBA,BOURGUIBA,accept_rule,person_title_variant,0.95,24,20
PRESIDENT CASTILLO ARMAS,CASTILLO ARMAS,accept_rule,person_title_variant,0.95,3,3
PRESIDENT CHIANG KAI SHEK,CHIANG KAI SHEK,accept_rule,person_title_variant,0.95,1,1
PRESIDENT DE GAULLE,DE GAULLE,accept_rule,person_title_variant,0.95,14,14
PRESIDENT DE LA GUARDIA,DE LA GUARDIA,accept_rule,person_title_variant,0.95,7,5
PRESIDENT DIEM,DIEM,accept_rule,person_title_variant,0.95,32,28
PRESIDENT DORTICOS,DORTICOS,accept_rule,person_title_variant,0.95,1,1
PRESIDENT DUVALIER,DUVALIER,accept_rule,person_title_variant,0.95,5,5
PRESIDENT ECHANDI,ECHANDI,accept_rule,person_title_variant,0.95,1,1
PRESIDENT EISENHOWER,EISENHOWER,accept_rule,person_title_variant,0.95,43,41
PRESIDENT FIGUERES,FIGUERES,accept_rule,person_title_variant,0.95,2,2
PRESIDENT FRONDIZI,FRONDIZI,accept_rule,person_title_variant,0.95,28,21
PRESIDENT GALVEZ,GALVEZ,accept_rule,person_title_variant,0.95,2,2
PRESIDENT GOTTWALD,GOTTWALD,accept_rule,person_title_variant,0.95,1,1
PRESIDENT GRONCHI,GRONCHI,accept_rule,person_title_variant,0.95,5,5
PRESIDENT GURSEL,GENERAL GURSEL,accept_rule,person_title_variant,0.95,1,1
PRESIDENT IBANEZ,IBANEZ,accept_rule,person_title_variant,0.95,7,7
PRESIDENT KASAVUBU,KASAVUBU,accept_rule,person_title_variant,0.95,12,10
PRESIDENT KEITA,KEITA,accept_rule,person_title_variant,0.95,1,1
PRESIDENT KEKKONEN,KEKKONEN,accept_rule,person_title_variant,0.95,9,7
PRESIDENT LEMUS,LEMUS,accept_rule,person_title_variant,0.95,2,2
PRESIDENT LOPEZ MATEOS,LOPEZ MATEOS,accept_rule,person_title_variant,0.95,3,3
PRESIDENT MAGLOIRE,MAGLOIRE,accept_rule,person_title_variant,0.95,1,1
PRESIDENT MAGSAYSAY,MAGSAYSAY,accept_rule,person_title_variant,0.95,9,9
PRESIDENT MAKARIOS,MAKARIOS,accept_rule,person_title_variant,0.95,1,1
PRESIDENT MIRZA,MIRZA,accept_rule,person_title_variant,0.95,14,12
PRESIDENT MODIBO KEITA,MODIBO KEITA,accept_rule,person_title_variant,0.95,1,1
PRESIDENT NAGIB,GENERAL NAGIB,accept_rule,person_title_variant,0.95,3,3
PRESIDENT NASIR,NASIR,accept_rule,person_title_variant,0.95,16,16
PRESIDENT NASR,NASR,accept_rule,person_title_variant,0.95,6,6
PRESIDENT NKRUMAH,NKRUMAH,accept_rule,person_title_variant,0.95,2,2
PRESIDENT ODRIA,ODRIA,accept_rule,person_title_variant,0.95,1,1
PRESIDENT OSORIO,OSORIO,accept_rule,person_title_variant,0.95,2,2
PRESIDENT PAZ,PAZ,accept_rule,person_title_variant,0.95,9,7
PRESIDENT PAZ ESTENSSORO,PAZ ESTENSSORO,accept_rule,person_title_variant,0.95,2,2
PRESIDENT PEREZ JIMENEZ,PEREZ JIMENEZ,accept_rule,person_title_variant,0.95,3,3
PRESIDENT PERON,PERON,accept_rule,person_title_variant,0.95,12,12
PRESIDENT PONCE,PONCE,accept_rule,person_title_variant,0.95,4,3
PRESIDENT PRADO,PRADO,accept_rule,person_title_variant,0.95,2,1
PRESIDENT QUADROS,QUADROS,accept_rule,person_title_variant,0.95,4,4
PRESIDENT QUWATLI,QUWATLI,accept_rule,person_title_variant,0.95,10,10
PRESIDENT REMON,REMON,accept_rule,person_title_variant,0.95,2,2
PRESIDENT RHEE,RHEE,accept_rule,person_title_variant,0.95,104,96
PRESIDENT ROJAS,ROJAS,accept_rule,person_title_variant,0.95,4,4
PRESIDENT ROJAS PINILLA,ROJAS PINILLA,accept_rule,person_title_variant,0.95,1,1
PRESIDENT RUIZ CORTINES,RUIZ CORTINES,accept_rule,person_title_variant,0.95,1,1
PRESIDENT SEKOU TOURE,SEKOU TOURE,accept_rule,person_title_variant,0.95,2,2
PRESIDENT SEKOU TOURÉ,SEKOU TOURÉ,accept_rule,person_title_variant,0.95,1,1
PRESIDENT SHIHAB,GENERAL SHIHAB,accept_rule,person_title_variant,0.95,5,3
PRESIDENT SHISHAKLI,SHISHAKLI,accept_rule,person_title_variant,0.95,1,1
PRESIDENT SOMOZA,SOMOZA,accept_rule,person_title_variant,0.95,2,2
PRESIDENT STROESSNER,STROESSNER,accept_rule,person_title_variant,0.95,6,4
PRESIDENT SUKARNO,SUKARNO,accept_rule,person_title_variant,0.95,95,86
PRESIDENT THOMAZ,THOMAZ,accept_rule,person_title_variant,0.95,2,1
PRESIDENT TITO,TITO,accept_rule,person_title_variant,0.95,9,9
PRESIDENT TOURE,TOURE,accept_rule,person_title_variant,0.95,2,2
PRESIDENT TOURÉ,TOURÉ,accept_rule,person_title_variant,0.95,8,6
PRESIDENT TRUMAN,TRUMAN,accept_rule,person_title_variant,0.95,1,1
PRESIDENT TSHOMBE,TSHOMBE,accept_rule,person_title_variant,0.95,1,1
PRESIDENT TSHOMBÉ,TSHOMBÉ,accept_rule,person_title_variant,0.95,2,2
PRESIDENT TSIRANANA,TSIRANANA,accept_rule,person_title_variant,0.95,1,1
PRESIDENT VELASCO,VELASCO,accept_rule,person_title_variant,0.95,6,5
PRESIDENT VILLEDA,VILLEDA,accept_rule,person_title_variant,0.95,1,1
PRESIDENT VILLEDA MORALES,VILLEDA MORALES,accept_rule,person_title_variant,0.95,3,2
PRESIDENT VOROSHILOV,VOROSHILOV,accept_rule,person_title_variant,0.95,1,1
PRESIDENT YDIGORAS,YDIGORAS,accept_rule,person_title_variant,0.95,9,7
PRESIDENT YUN,YUN,accept_rule,person_title_variant,0.95,1,1
PRESIDENT ZAPOTOCKY,ZAPOTOCKY,accept_rule,person_title_variant,0.95,1,1
PRINCE BOUN OUM,BOUN OUM,accept_rule,person_title_variant,0.95,10,9
PRINCE BUU HOI,BUU HOI,accept_rule,person_title_variant,0.95,2,2
PRINCE BUU LOC,BUU LOC,accept_rule,person_title_variant,0.95,2,2
PRINCE DAUD,DAUD,accept_rule,person_title_variant,0.95,2,2
PRINCE FAISAL,KING FAISAL,accept_rule,person_title_variant,0.95,1,1
PRINCE HASSAN,HASSAN,accept_rule,person_title_variant,0.95,4,3
PRINCE NAIM,NAIM,accept_rule,person_title_variant,0.95,1,1
PRINCE SIHANOUK,SIHANOUK,accept_rule,person_title_variant,0.95,56,46
PRINCE SOUPHANNOUVONG,SOUPHANNOUVONG,accept_rule,person_title_variant,0.95,51,45
PRINCE SOUPHANOUVONG,SOUPHANOUVONG,accept_rule,person_title_variant,0.95,4,4
PRINCE SOUVANNA PHOUMA,SOUVANNA PHOUMA,accept_rule,person_title_variant,0.95,2,2
QUEUILLE,PREMIER QUEUILLE,accept_rule,person_title_variant,0.95,1,1
QUIRINO,PRESIDENT QUIRINO,accept_rule,person_title_variant,0.95,11,10
QUWWATLI,PRESIDENT QUWWATLI,accept_rule,person_title_variant,0.95,1,1
RAFAEL TRUJILLO,GENERALISSIMO RAFAEL TRUJILLO,accept_rule,person_title_variant,0.95,3,3
RAMFIS TRUJILLO,GENERAL RAMFIS TRUJILLO,accept_rule,person_title_variant,0.95,5,5
RAMON BARQUIN,COLONEL RAMON BARQUIN,accept_rule,person_title_variant,0.95,1,1
RANKIN,AMBASSADOR RANKIN,accept_rule,person_title_variant,0.95,2,2
RCC,REVOLUTIONARY COMMAND COUNCIL,accept_rule,acronym_match,0.9,1,1
RILEY,GENERAL RILEY,accept_rule,person_title_variant,0.95,1,1
ROBERTO LORENZANA,COLONEL ROBERTO LORENZANA,accept_rule,person_title_variant,0.95,1,1
ROBERTSON,GENERAL ROBERTSON,accept_rule,person_title_variant,0.95,3,3
SALAH SALAM,MAJOR SALAH SALAM,accept_rule,person_title_variant,0.95,1,1
SALAN,GENERAL SALAN,accept_rule,person_title_variant,0.95,2,2
SALIM,MAJOR SALIM,accept_rule,person_title_variant,0.95,1,1
SAMUAL,COLONEL SAMUAL,accept_rule,person_title_variant,0.95,1,1
SAUD,KING SAUD,accept_rule,person_title_variant,0.95,16,15
SAVANG,KING SAVANG,accept_rule,person_title_variant,0.95,10,9
SCHAERF,PRESIDENT SCHAERF,accept_rule,person_title_variant,0.95,3,3
SCNR,SUPREME COUNCIL FOR NATIONAL RECONSTRUCTION,accept_rule,acronym_match,0.9,2,2
SEBALD,AMBASSADOR SEBALD,accept_rule,person_title_variant,0.95,5,5
SECRETARY EDEN,EDEN,accept_rule,person_title_variant,0.95,1,1
SECRETARY GENERAL BAJPAI,BAJPAI,accept_rule,person_title_variant,0.95,1,1
SECRETARY GENERAL BIRGI,BIRGI,accept_rule,person_title_variant,0.95,1,1
SECRETARY GENERAL DAG HAMMARSKJOLD,DAG HAMMARSKJOLD,accept_rule,person_title_variant,0.95,1,1
SECRETARY GENERAL HAMMARSKJOLD,HAMMARSKJOLD,accept_rule,person_title_variant,0.95,1,1
SECRETARY GENERAL MOLLET,MOLLET,accept_rule,person_title_variant,0.95,1,1
SECRETARY GENERAL PILLAI,PILLAI,accept_rule,person_title_variant,0.95,1,1
SECRETARY GENERAL SPAAK,SPAAK,accept_rule,person_title_variant,0.95,2,2
SHANNAN,BRIGADIER SHANNAN,accept_rule,person_title_variant,0.95,1,1
SHIHAB,GENERAL SHIHAB,accept_rule,person_title_variant,0.95,13,10
SIHO,MAJOR SIHO,accept_rule,person_title_variant,0.95,2,2
SILES,PRESIDENT SILES,accept_rule,person_title_variant,0.95,10,9
SIMBOLON,COLONEL SIMBOLON,accept_rule,person_title_variant,0.95,7,7
SIR ANTHONY EDEN,ANTHONY EDEN,accept_rule,person_title_variant,0.95,1,1
SIR BRIAN ROBERTSON,GENERAL SIR BRIAN ROBERTSON,accept_rule,person_title_variant,0.95,1,1
SLFP,SRI LANKA FREEDOM PARTY,accept_rule,acronym_match,0.9,2,2
SOLH,PREMIER SOLH,accept_rule,person_title_variant,0.95,1,1
SPARKS,AMBASSADOR SPARKS,accept_rule,person_title_variant,0.95,2,2
STANTON,AMBASSADOR STANTON,accept_rule,person_title_variant,0.95,1,1
STEVENSON,AMBASSADOR STEVENSON,accept_rule,person_title_variant,0.95,7,7
SUKENDRO,COLONEL SUKENDRO,accept_rule,person_title_variant,0.95,1,1
SUMUAL,COL SUMUAL,accept_rule,person_title_variant,0.95,1,1
TALLAL,PRINCE TALLAL,accept_rule,person_title_variant,0.95,1,1
TEIMUR BAKHTIAR,MAJOR GENERAL TEIMUR BAKHTIAR,accept_rule,person_title_variant,0.95,1,1
TEMPLER,GENERAL TEMPLER,accept_rule,person_title_variant,0.95,2,2
THOMPSON,AMBASSADOR THOMPSON,accept_rule,person_title_variant,0.95,24,22
TIMBERLAKE,AMBASSADOR TIMBERLAKE,accept_rule,person_title_variant,0.95,5,5
TIMUR BAKHTIAR,GENERAL TIMUR BAKHTIAR,accept_rule,person_title_variant,0.95,1,1
TORRES,GENERAL TORRES,accept_rule,person_title_variant,0.95,2,2
TREVELYAN,AMBASSADOR TREVELYAN,accept_rule,person_title_variant,0.95,1,1
TRIMBLE,AMBASSADOR TRIMBLE,accept_rule,person_title_variant,0.95,2,2
TRINH MINH THE,COLONEL TRINH MINH THE,accept_rule,person_title_variant,0.95,2,2
TRINQUIER,COLONEL TRINQUIER,accept_rule,person_title_variant,0.95,3,3
TUBMAN,PRESIDENT TUBMAN,accept_rule,person_title_variant,0.95,4,4
TURKES,COLONEL TURKES,accept_rule,person_title_variant,0.95,1,1
UNP,UNITED NATIONAL PARTY,accept_rule,acronym_match,0.9,2,2
UNR,UNION FOR THE NEW REPUBLIC,accept_rule,acronym_match,0.9,1,1
URRUTIA,PRESIDENT URRUTIA,accept_rule,person_title_variant,0.95,1,1
US,UNITED STATES,accept_rule,acronym_match,0.9,175,160
USA,UNION OF SOUTH AFRICA,accept_rule,acronym_match,0.9,3,3
UTOYO,GENERAL UTOYO,accept_rule,person_title_variant,0.95,1,1
VANG PAO,COLONEL VANG PAO,accept_rule,person_title_variant,0.95,2,2
VARGAS,PRESIDENT VARGAS,accept_rule,person_title_variant,0.95,6,6
WADSWORTH,AMBASSADOR WADSWORTH,accept_rule,person_title_variant,0.95,10,9
WAILES,AMBASSADOR WAILES,accept_rule,person_title_variant,0.95,2,2
WARD,AMBASSADOR WARD,accept_rule,person_title_variant,0.95,2,2
WEIZMANN,COLONEL WEIZMANN,accept_rule,person_title_variant,0.95,1,1
WEU,WESTERN EUROPEAN UNION,accept_rule,acronym_match,0.9,5,5
WFTU,WORLD FEDERATION OF TRADE UNIONS,accept_rule,acronym_match,0.9,4,4
WHITNEY,AMBASSADOR WHITNEY,accept_rule,person_title_variant,0.95,4,4
WHO,WORLD HEALTH ORGANIZATION,accept_rule,acronym_match,0.9,1,1
WITASZEWSKI,GENERAL WITASZEWSKI,accept_rule,person_title_variant,0.95,1,1
WON,GENERAL WON,accept_rule,person_title_variant,0.95,1,1
WRIGHT,ADMIRAL WRIGHT,accept_rule,person_title_variant,0.95,1,1
YADIN,GENERAL YADIN,accept_rule,person_title_variant,0.95,1,1
YOST,AMBASSADOR YOST,accept_rule,person_title_variant,0.95,4,4
YOUNG,AMBASSADOR YOUNG,accept_rule,person_title_variant,0.95,1,1
YUN PO SUN,PRESIDENT YUN PO SUN,accept_rule,person_title_variant,0.95,1,1
ZAHIR,KING ZAHIR,accept_rule,person_title_variant,0.95,2,2
ZAHIR SHAH,KING ZAHIR SHAH,accept_rule,person_title_variant,0.95,7,7
ZNP,ZANZIBAR NATIONALIST PARTY,accept_rule,acronym_match,0.9,1,1
ZOLI,PREMIER ZOLI,accept_rule,person_title_variant,0.95,1,1
